Movie Title,Date Released,Genre,MPAA Rating,Total Gross,Inflation Adjusted Gross,Release Year,Release Month,Release Month Name,Release Quarter,Decade,Season,Inflation Multiplier,Rank (Nominal),Rank (Inflation Adj),Pct (Nominal),Pct (Inflation Adj),Gross Bucket (Nominal),Franchise Tag
Snow White and the Seven Dwarfs,1937-12-21,Musical,G,184925485,5228953251,1937,12,December,4,1930,Winter,28.27600128,50,1,0.0864,0.0017,$100–300M,Snow White and the Seven Dwarfs
Pinocchio,1940-02-09,Adventure,G,84300000,2188229052,1940,2,February,1,1940,Winter,25.95764,130,2,0.2245,0.0035,$50–100M,Pinocchio
Fantasia,1940-11-13,Musical,G,83320000,2187090808,1940,11,November,4,1940,Fall,26.24928958,132,3,0.228,0.0052,$50–100M,Fantasia
Song of the South,1946-11-12,Adventure,G,65000000,1078510579,1946,11,November,4,1940,Fall,16.59247045,168,6,0.2902,0.0104,$50–100M,Song of the South
Cinderella,1950-02-15,Drama,G,85000000,920608730,1950,2,February,1,1950,Winter,10.83069094,127,8,0.2193,0.0138,$50–100M,Cinderella
"20,000 Leagues Under the Sea",1954-12-23,Adventure,G,28200000,528279994,1954,12,December,4,1950,Winter,18.73333312,307,14,0.5302,0.0242,$10–50M,"20,000 Leagues Under the Sea"
Lady and the Tramp,1955-06-22,Drama,G,93600000,1236035515,1955,6,June,2,1950,Summer,13.20550764,111,5,0.1917,0.0086,$50–100M,Lady and the Tramp
Sleeping Beauty,1959-01-29,Drama,G,9464608,21505832,1959,1,January,1,1950,Winter,2.272236948,467,442,0.8066,0.7634,<$10M,Sleeping Beauty
101 Dalmatians,1961-01-25,Comedy,G,153000000,1362870985,1961,1,January,1,1960,Winter,8.907653497,64,4,0.1105,0.0069,$100–300M,101 Dalmatians
The Absent Minded Professor,1961-03-16,Comedy,G,25381407,310094574,1961,3,March,1,1960,Spring,12.21739102,329,44,0.5682,0.076,$10–50M,The Absent Minded Professor
Babes in Toyland,1961-12-14,Musical,G,10218316,124841160,1961,12,December,4,1960,Winter,12.21739081,461,140,0.7962,0.2418,$10–50M,Babes in Toyland
Bon Voyage!,1962-05-17,Comedy,PG-13,9230769,109581646,1962,5,May,2,1960,Spring,11.87134528,470,160,0.8117,0.2763,<$10M,Bon Voyage!
The Sword in the Stone,1963-12-25,Adventure,G,22182353,153870834,1963,12,December,4,1960,Winter,6.936632647,354,118,0.6114,0.2038,$10–50M,The Sword in the Stone
The Jungle Book,1967-10-18,Musical,PG,141843000,789612346,1967,10,October,4,1960,Fall,5.566805172,67,9,0.1157,0.0155,$100–300M,The Jungle Book
Blackbeard's Ghost,1968-02-08,Comedy,G,21540050,138612686,1968,2,February,1,1960,Winter,6.435114403,360,127,0.6218,0.2193,$10–50M,Blackbeard's Ghost
The Aristocats,1970-04-24,Musical,G,55675257,255161499,1970,4,April,2,1970,Spring,4.583032262,196,61,0.3385,0.1054,$50–100M,The Aristocats
The Boatniks,1970-07-01,Comedy,G,18607492,101200742,1970,7,July,3,1970,Summer,5.438709419,389,176,0.6718,0.304,$10–50M,The Boatniks
Bedknobs and Broomsticks,1971-10-07,Musical,G,17871174,91305448,1971,10,October,4,1970,Fall,5.109090651,396,198,0.6839,0.342,$10–50M,Bedknobs and Broomsticks
The Apple Dumpling Gang,1975-07-01,Comedy,G,31916500,131246872,1975,7,July,3,1970,Summer,4.112195009,284,134,0.4905,0.2314,$10–50M,The Apple Dumpling Gang
Freaky Friday,1977-01-21,Comedy,PG,25942000,98067733,1977,1,January,1,1970,Winter,3.780268792,324,180,0.5596,0.3109,$10–50M,Freaky Friday
The Rescuers,1977-06-22,Adventure,G,48775599,159743914,1977,6,June,2,1970,Summer,3.275078467,224,109,0.3869,0.1883,$10–50M,The Rescuers
Herbie Goes to Monte Carlo,1977-06-24,Action,G,28000000,105847527,1977,6,June,2,1970,Summer,3.780268821,309,168,0.5337,0.2902,$10–50M,Herbie Goes to Monte Carlo
The Black Hole,1979-12-21,Horror,PG,35841901,120377374,1979,12,December,4,1970,Winter,3.358565552,269,143,0.4646,0.247,$10–50M,The Black Hole
The Last Flight of Noah's Ark,1980-06-25,Action,G,11000000,34472116,1980,6,June,2,1980,Summer,3.133828727,452,373,0.7807,0.6442,$10–50M,The Last Flight of Noah's Ark
The Devil and Max Devlin,1981-01-01,Action,PG,16000000,48517980,1981,1,January,1,1980,Winter,3.03237375,410,318,0.7081,0.5492,$10–50M,The Devil and Max Devlin
The Fox and the Hound,1981-07-10,Comedy,G,43899231,133118889,1981,7,July,3,1980,Summer,3.032374052,241,133,0.4162,0.2297,$10–50M,The Fox and the Hound
Night Crossing,1982-02-05,Drama,PG,4500000,12903059,1982,2,February,1,1980,Winter,2.867346444,522,490,0.9016,0.8463,<$10M,Night Crossing
Tron,1982-07-09,Action,PG,26918576,77184895,1982,7,July,3,1980,Summer,2.867346883,317,227,0.5475,0.3921,$10–50M,Tron
Tex,1982-11-19,Drama,PG,7199408,20643199,1982,11,November,4,1980,Fall,2.867346732,495,446,0.8549,0.7703,<$10M,Tex
Trenchcoat,1983-03-11,Comedy,PG,4304286,11519089,1983,3,March,1,1980,Spring,2.67619043,525,496,0.9067,0.8566,<$10M,Trenchcoat
Something Wicked This Way Comes,1983-04-29,Horror,PG,5656087,15136765,1983,4,April,2,1980,Spring,2.676190271,507,473,0.8756,0.8169,<$10M,Something Wicked This Way Comes
Never Cry Wolf,1983-10-07,Drama,PG,27668764,70669955,1983,10,October,4,1980,Fall,2.5541421,312,241,0.5389,0.4162,$10–50M,Never Cry Wolf
Running Brave,1983-11-04,Drama,PG,1204595,3223725,1983,11,November,4,1980,Fall,2.676189923,551,548,0.9516,0.9465,<$10M,Running Brave
Splash,1984-03-09,Comedy,PG,62599495,157057661,1984,3,March,1,1980,Spring,2.508928562,175,113,0.3022,0.1952,$50–100M,Splash
Country,1984-09-29,Drama,PG,8400000,21075000,1984,9,September,3,1980,Fall,2.508928571,481,443,0.8307,0.7651,<$10M,Country
Baby: Secret of the Lost Legend,1985-03-22,Adventure,PG,14276095,33900697,1985,3,March,1,1980,Spring,2.374647759,424,377,0.7323,0.6511,$10–50M,Baby
Return to Oz,1985-06-21,Adventure,PG,10618813,25215934,1985,6,June,2,1980,Summer,2.374647147,454,419,0.7841,0.7237,$10–50M,Return to Oz
The Black Cauldron,1985-07-24,Adventure,PG,21288692,50553142,1985,7,July,3,1980,Summer,2.37464763,365,310,0.6304,0.5354,$10–50M,The Black Cauldron
My Science Project,1985-08-09,Comedy,PG,4100000,9736051,1985,8,August,3,1980,Summer,2.374646585,529,511,0.9136,0.8826,<$10M,My Science Project
The Journey of Natty Gann,1985-09-27,Drama,PG,9468512,22302956,1985,9,September,3,1980,Fall,2.355486902,466,437,0.8048,0.7547,<$10M,The Journey of Natty Gann
One Magic Christmas,1985-11-22,Drama,PG,13229514,31415432,1985,11,November,4,1980,Fall,2.374647474,430,389,0.7427,0.6718,$10–50M,One Magic Christmas
Down and Out in Beverly Hills,1986-01-31,Comedy,R,62134225,141183693,1986,1,January,1,1980,Winter,2.272237129,176,125,0.304,0.2159,$50–100M,Down and Out in Beverly Hills
Off Beat,1986-04-11,Comedy,PG,4842778,11003932,1986,4,April,2,1980,Spring,2.272235481,515,502,0.8895,0.867,<$10M,Off Beat
Ruthless People,1986-06-27,Comedy,R,71624879,162748712,1986,6,June,2,1980,Summer,2.272237165,152,105,0.2625,0.1813,$50–100M,Ruthless People
The Great Mouse Detective,1986-07-02,Adventure,G,23605534,53637367,1986,7,July,3,1980,Summer,2.272236968,343,298,0.5924,0.5147,$10–50M,The Great Mouse Detective
Flight of the Navigator,1986-07-30,Adventure,PG,18564613,42183197,1986,7,July,3,1980,Summer,2.272236809,390,345,0.6736,0.5959,$10–50M,Flight of the Navigator
Tough Guys,1986-10-03,Comedy,PG,21458229,48758184,1986,10,October,4,1980,Fall,2.272237098,361,316,0.6235,0.5458,$10–50M,Tough Guys
The Color of Money,1986-10-17,Drama,R,52293000,117957323,1986,10,October,4,1980,Fall,2.255700055,208,149,0.3592,0.2573,$50–100M,The Color of Money
Outrageous Fortune,1987-01-30,Comedy,R,52864741,113976921,1987,1,January,1,1980,Winter,2.156010203,205,154,0.3541,0.266,$50–100M,Outrageous Fortune
Tin Men,1987-03-06,Comedy,R,25411386,54787202,1987,3,March,1,1980,Spring,2.156009987,328,293,0.5665,0.506,$10–50M,Tin Men
Ernest Goes to Camp,1987-05-22,Comedy,PG,23509382,50686462,1987,5,May,2,1980,Spring,2.156009971,345,308,0.5959,0.532,$10–50M,Ernest Goes to Camp
Benji the Hunted,1987-06-05,Adventure,G,15212539,32798382,1987,6,June,2,1980,Summer,2.156009723,417,381,0.7202,0.658,$10–50M,Benji the Hunted
Adventures in Babysitting,1987-07-03,Comedy,PG-13,33790923,72853569,1987,7,July,3,1980,Summer,2.156010033,277,237,0.4784,0.4093,$10–50M,Adventures in Babysitting
Stakeout,1987-08-05,Comedy,R,65673233,141592160,1987,8,August,3,1980,Summer,2.156010197,164,124,0.2832,0.2142,$50–100M,Stakeout
Can't Buy Me Love,1987-08-14,Romantic Comedy,PG-13,31623833,68181300,1987,8,August,3,1980,Summer,2.156009994,285,248,0.4922,0.4283,$10–50M,Can't Buy Me Love
Hello Again,1987-11-06,Comedy,PG,20419446,44024529,1987,11,November,4,1980,Fall,2.156009962,371,334,0.6408,0.5769,$10–50M,Hello Again
3 Men and a Baby,1987-11-25,Comedy,PG,167780960,353334607,1987,11,November,4,1980,Fall,2.105927913,59,37,0.1019,0.0639,$100–300M,3 Men and a Baby
Good Morning Vietnam,1987-12-23,Comedy,R,123922370,254414837,1987,12,December,4,1980,Winter,2.053017845,83,62,0.1434,0.1071,$100–300M,Good Morning Vietnam
Shoot to Kill,1988-02-12,Action,R,29300000,60097074,1988,2,February,1,1980,Winter,2.051094676,298,270,0.5147,0.4663,$10–50M,Shoot to Kill
D.O.A.,1988-03-18,Thriller/Suspense,R,12706478,26062188,1988,3,March,1,1980,Spring,2.051094568,436,415,0.753,0.7168,$10–50M,D.O.A.
Return to Snowy River,1988-04-15,Adventure,PG,13687027,28073384,1988,4,April,2,1980,Spring,2.051094368,427,408,0.7375,0.7047,$10–50M,Return to Snowy River
Big Business,1988-06-10,Comedy,PG,40150487,82352451,1988,6,June,2,1980,Summer,2.051094698,251,216,0.4335,0.3731,$10–50M,Big Business
Who Framed Roger Rabbit?,1988-06-22,Comedy,PG,154112492,316250084,1988,6,June,2,1980,Summer,2.052073001,63,42,0.1088,0.0725,$100–300M,Who Framed Roger Rabbit?
Cocktail,1988-07-29,Drama,R,78222753,160442289,1988,7,July,3,1980,Summer,2.051094891,141,108,0.2435,0.1865,$50–100M,Cocktail
The Rescue,1988-08-05,Action,PG,5855392,12009960,1988,8,August,3,1980,Summer,2.051094103,503,494,0.8687,0.8532,<$10M,The Rescue
Heartbreak Hotel,1988-09-30,Comedy,PG-13,5509417,11300331,1988,9,September,3,1980,Fall,2.051093791,510,499,0.8808,0.8618,<$10M,Heartbreak Hotel
The Good Mother,1988-11-04,Drama,R,4764606,9772655,1988,11,November,4,1980,Fall,2.051094046,517,510,0.8929,0.8808,<$10M,The Good Mother
Ernest Saves Christmas,1988-11-11,Comedy,PG,28202109,57845202,1988,11,November,4,1980,Fall,2.051094902,306,281,0.5285,0.4853,$10–50M,Ernest Saves Christmas
Oliver & Company,1988-11-18,Adventure,G,49576671,102254492,1988,11,November,4,1980,Fall,2.062552607,222,175,0.3834,0.3022,$10–50M,Oliver & Company
Beaches,1988-12-21,Drama,PG-13,57041866,120381757,1988,12,December,4,1980,Winter,2.110410571,192,142,0.3316,0.2453,$50–100M,Beaches
Three Fugitives,1989-01-27,Comedy,PG-13,40590000,85757817,1989,1,January,1,1980,Winter,2.112781892,250,210,0.4318,0.3627,$10–50M,Three Fugitives
New York Stories,1989-03-01,Drama,PG,10763469,22740861,1989,3,March,1,1980,Spring,2.112781762,453,435,0.7824,0.7513,$10–50M,New York Stories
Disorganized Crime,1989-04-14,Comedy,R,7210149,15233465,1989,4,April,2,1980,Spring,2.112780887,494,472,0.8532,0.8152,<$10M,Disorganized Crime
Dead Poets Society,1989-06-02,Drama,PG,95860116,202531517,1989,6,June,2,1980,Summer,2.112781889,107,80,0.1848,0.1382,$50–100M,Dead Poets Society
"Honey, I Shrunk the Kids",1989-06-23,Adventure,PG,130724172,276191669,1989,6,June,2,1980,Summer,2.112781934,79,52,0.1364,0.0898,$100–300M,"Honey, I Shrunk the Kids"
Turner & Hooch,1989-07-28,Comedy,PG,71079915,150176361,1989,7,July,3,1980,Summer,2.112781944,154,119,0.266,0.2055,$50–100M,Turner & Hooch
Cheetah,1989-08-18,Adventure,G,7882250,16653473,1989,8,August,3,1980,Summer,2.11278163,487,464,0.8411,0.8014,<$10M,Cheetah
An Innocent Man,1989-10-06,Drama,R,19397847,40983414,1989,10,October,4,1980,Fall,2.112781589,382,348,0.6598,0.601,$10–50M,An Innocent Man
Gross Anatomy,1989-10-20,Drama,PG-13,11346186,23972012,1989,10,October,4,1980,Fall,2.112781511,447,429,0.772,0.7409,$10–50M,Gross Anatomy
The Little Mermaid,1989-11-15,Adventure,G,111543479,223726012,1989,11,November,4,1980,Fall,2.005729192,92,71,0.1589,0.1226,$100–300M,The Little Mermaid
Blaze,1989-12-13,Drama,R,19049727,39884640,1989,12,December,4,1980,Winter,2.093711894,386,353,0.6667,0.6097,$10–50M,Blaze
Stella,1990-02-02,Drama,PG-13,20062347,40077147,1990,2,February,1,1990,Winter,1.997630038,373,351,0.6442,0.6062,$10–50M,Stella
Where the Heart Is,1990-02-23,Comedy,PG-13,1106475,2210321,1990,2,February,1,1990,Winter,1.997623986,552,550,0.9534,0.9499,<$10M,Where the Heart Is
Pretty Woman,1990-03-23,Romantic Comedy,R,178406268,356389765,1990,3,March,1,1990,Spring,1.997630291,53,35,0.0915,0.0604,$100–300M,Pretty Woman
Ernest Goes to Jail,1990-04-06,Comedy,PG,25029569,49999822,1990,4,April,2,1990,Spring,1.997630163,330,312,0.5699,0.5389,$10–50M,Ernest Goes to Jail
Spaced Invaders,1990-04-27,Comedy,PG,15000000,29964452,1990,4,April,2,1990,Spring,1.997630133,420,397,0.7254,0.6857,$10–50M,Spaced Invaders
Fire Birds,1990-05-24,Action,PG-13,14760451,29485923,1990,5,May,2,1990,Spring,1.997630221,422,402,0.7288,0.6943,$10–50M,Fire Birds
Dick Tracy,1990-06-15,Action,PG,103738726,207231621,1990,6,June,2,1990,Summer,1.997630287,99,77,0.171,0.133,$100–300M,Dick Tracy
Betsy's Wedding,1990-06-22,Comedy,R,19740070,39433357,1990,6,June,2,1990,Summer,1.997630049,378,355,0.6528,0.6131,$10–50M,Betsy's Wedding
Arachnophobia,1990-07-18,Thriller/Suspense,PG-13,53208180,106290270,1990,7,July,3,1990,Summer,1.997630252,203,166,0.3506,0.2867,$50–100M,Arachnophobia
DuckTales: The Movie - Treasure of the lost lamp,1990-08-03,Adventure,G,18075331,36107823,1990,8,August,3,1990,Summer,1.997629974,395,365,0.6822,0.6304,$10–50M,DuckTales
Taking Care of Business,1990-08-17,Comedy,R,20005435,39963460,1990,8,August,3,1990,Summer,1.997630144,374,352,0.6459,0.6079,$10–50M,Taking Care of Business
Mr. Destiny,1990-10-12,Comedy,PG-13,15379253,30722056,1990,10,October,4,1990,Fall,1.997629924,415,392,0.7168,0.677,$10–50M,Mr. Destiny
The Rescuers Down Under,1990-11-16,Adventure,G,27931461,55796728,1990,11,November,4,1990,Fall,1.997630128,310,285,0.5354,0.4922,$10–50M,The Rescuers Down Under
3 Men and a Little Lady,1990-11-21,Comedy,PG,71609321,143108869,1990,11,November,4,1990,Fall,1.998467057,153,123,0.2642,0.2124,$50–100M,3 Men and a Little Lady
Green Card,1990-12-25,Romantic Comedy,PG-13,29804169,59679131,1990,12,December,4,1990,Winter,2.002375272,295,274,0.5095,0.4732,$10–50M,Green Card
White Fang,1991-01-18,Adventure,PG,34729091,69540672,1991,1,January,1,1990,Winter,2.002375242,273,244,0.4715,0.4214,$10–50M,White Fang
Scenes from a Mall,1991-02-22,Comedy,PG-13,9563393,19149495,1991,2,February,1,1990,Winter,2.002374576,465,454,0.8031,0.7841,<$10M,Scenes from a Mall
Haakon Haakonsen,1991-03-01,Adventure,PG,15024232,30084149,1991,3,March,1,1990,Spring,2.002375163,419,395,0.7237,0.6822,$10–50M,Haakon Haakonsen
The Marrying Man,1991-04-05,Romantic Comedy,R,12454768,24939118,1991,4,April,2,1990,Spring,2.002375155,438,424,0.7565,0.7323,$10–50M,The Marrying Man
Oscar,1991-04-26,Comedy,PG,23562716,47181395,1991,4,April,2,1990,Spring,2.002375066,344,322,0.5941,0.5561,$10–50M,Oscar
One Good Cop,1991-05-03,Action,R,11276846,22580472,1991,5,May,2,1990,Spring,2.002374777,450,436,0.7772,0.753,$10–50M,One Good Cop
What About Bob?,1991-05-17,Comedy,PG,63710000,127571325,1991,5,May,2,1990,Spring,2.002375216,172,138,0.2971,0.2383,$50–100M,What About Bob?
Wild Hearts Can't Be Broken,1991-05-24,Drama,G,7300000,14617333,1991,5,May,2,1990,Spring,2.002374384,492,478,0.8497,0.8256,<$10M,Wild Hearts Can't Be Broken
The Rocketeer,1991-06-21,Action,PG,46573027,93256673,1991,6,June,2,1990,Summer,2.002375173,230,194,0.3972,0.3351,$10–50M,The Rocketeer
The Doctor,1991-07-24,Drama,PG-13,37497480,75084021,1991,7,July,3,1990,Summer,2.00237512,261,233,0.4508,0.4024,$10–50M,The Doctor
Paradise,1991-09-18,Drama,PG-13,18634643,37313540,1991,9,September,3,1990,Fall,2.002374824,388,361,0.6701,0.6235,$10–50M,Paradise
Deceived,1991-09-27,Thriller/Suspense,PG-13,28738096,57544453,1991,9,September,3,1990,Fall,2.002375279,305,282,0.5268,0.487,$10–50M,Deceived
Ernest Scared Stupid,1991-10-11,Comedy,PG,14143280,28320147,1991,10,October,4,1990,Fall,2.002374767,425,407,0.734,0.7029,$10–50M,Ernest Scared Stupid
Billy Bathgate,1991-11-01,Drama,R,15565363,31167691,1991,11,November,4,1990,Fall,2.002374824,411,390,0.7098,0.6736,$10–50M,Billy Bathgate
Beauty and the Beast,1991-11-13,Musical,G,218951625,363017667,1991,11,November,4,1990,Fall,1.65798115,39,31,0.0674,0.0535,$100–300M,Beauty and the Beast
Father of the Bride,1991-12-20,Comedy,PG,89325780,179821881,1991,12,December,4,1990,Winter,2.013101716,120,98,0.2073,0.1693,$50–100M,Father of the Bride
The Hand That Rocks the Cradle,1992-01-10,Thriller/Suspense,R,88036683,178831137,1992,1,January,1,1990,Winter,2.031325249,124,99,0.2142,0.171,$50–100M,The Hand That Rocks the Cradle
Medicine Man,1992-02-07,Drama,PG-13,44948240,91304495,1992,2,February,1,1990,Winter,2.031325253,236,199,0.4076,0.3437,$10–50M,Medicine Man
Blame it on the Bellboy,1992-03-06,Comedy,PG-13,2891055,5872667,1992,3,March,1,1990,Spring,2.031323167,541,536,0.9344,0.9257,<$10M,Blame it on the Bellboy
Noises Off...,1992-03-20,Comedy,PG-13,2280148,4631720,1992,3,March,1,1990,Spring,2.031324282,545,543,0.9413,0.9378,<$10M,Noises Off...
Straight Talk,1992-04-03,Comedy,PG,21202099,43068356,1992,4,April,2,1990,Spring,2.031325106,366,339,0.6321,0.5855,$10–50M,Straight Talk
Newsies,1992-04-08,History,PG,2706352,5497481,1992,4,April,2,1990,Spring,2.031325193,542,539,0.9361,0.9309,<$10M,Newsies
Passed Away,1992-04-24,Comedy,PG-13,4030793,8187848,1992,4,April,2,1990,Spring,2.031324357,530,519,0.9154,0.8964,<$10M,Passed Away
Encino Man,1992-05-22,Comedy,PG,40057130,81369058,1992,5,May,2,1990,Spring,2.03132521,252,220,0.4352,0.38,$10–50M,Encino Man
Sister Act,1992-05-29,Comedy,PG,139605150,283583472,1992,5,May,2,1990,Spring,2.031325291,70,50,0.1209,0.0864,$100–300M,Sister Act
Honey I Blew Up the Kid,1992-07-17,Comedy,PG,58662452,119162518,1992,7,July,3,1990,Summer,2.031325216,185,147,0.3195,0.2539,$50–100M,Honey I Blew Up the Kid
A Stranger Among Us,1992-07-17,Drama,PG-13,12282994,24950752,1992,7,July,3,1990,Summer,2.031324936,442,423,0.7634,0.7306,$10–50M,A Stranger Among Us
3 Ninjas,1992-08-07,Action,PG,29028000,58965304,1992,8,August,3,1990,Summer,2.031325065,300,276,0.5181,0.4767,$10–50M,3 Ninjas
A Gun in Betty Lou's Handbag,1992-08-21,Comedy,PG-13,3591460,7295423,1992,8,August,3,1990,Summer,2.031325144,531,526,0.9171,0.9085,<$10M,A Gun in Betty Lou's Handbag
Captain Ron,1992-09-18,Comedy,PG-13,22518097,45741576,1992,9,September,3,1990,Fall,2.031325116,352,328,0.6079,0.5665,$10–50M,Captain Ron
Sarafina!,1992-09-18,Drama,PG-13,7306242,14841352,1992,9,September,3,1990,Fall,2.031324996,491,474,0.848,0.8187,<$10M,Sarafina!
Innocent Blood,1992-09-25,Horror,R,4877567,9907922,1992,9,September,3,1990,Fall,2.031324634,514,508,0.8877,0.8774,<$10M,Innocent Blood
The Mighty Ducks,1992-10-02,Comedy,PG,50752337,103120810,1992,10,October,4,1990,Fall,2.031843578,215,174,0.3713,0.3005,$50–100M,The Mighty Ducks
1492: Conquest of Paradise,1992-10-09,Adventure,PG-13,7099531,14421454,1992,10,October,4,1990,Fall,2.031324886,497,481,0.8584,0.8307,<$10M,1492
Consenting Adults,1992-10-16,Drama,R,21591728,43859823,1992,10,October,4,1990,Fall,2.031325283,358,335,0.6183,0.5786,$10–50M,Consenting Adults
Aladdin,1992-11-11,Comedy,G,217350219,441969178,1992,11,November,4,1990,Fall,2.033442524,40,20,0.0691,0.0345,$100–300M,Aladdin
The Distinguished Gentleman,1992-12-04,Comedy,R,46434570,94349900,1992,12,December,4,1990,Winter,2.031889172,231,187,0.399,0.323,$10–50M,The Distinguished Gentleman
The Muppet Christmas Carol,1992-12-11,Comedy,G,27281507,55417615,1992,12,December,4,1990,Winter,2.031325286,314,288,0.5423,0.4974,$10–50M,The Muppet Christmas Carol
Alive,1993-01-15,Adventure,R,36299670,73914543,1993,1,January,1,1990,Winter,2.036231817,268,235,0.4629,0.4059,$10–50M,Alive
Aspen Extreme,1993-01-22,Romantic Comedy,PG-13,7843388,15970955,1993,1,January,1,1990,Winter,2.036231664,488,470,0.8428,0.8117,<$10M,Aspen Extreme
Homeward Bound: The Incredible Journey,1993-02-03,Adventure,G,41833324,85182343,1993,2,February,1,1990,Winter,2.036231761,249,211,0.4301,0.3644,$10–50M,Homeward Bound
The Cemetery Club,1993-02-03,Comedy,PG-13,5583621,11369541,1993,2,February,1,1990,Winter,2.03623079,509,498,0.8791,0.8601,<$10M,The Cemetery Club
Swing Kids,1993-03-05,Musical,PG-13,5632086,11468231,1993,3,March,1,1990,Spring,2.036231514,508,497,0.8774,0.8584,<$10M,Swing Kids
A Far Off Place,1993-03-12,Adventure,PG,12890752,26248558,1993,3,March,1,1990,Spring,2.036231711,433,414,0.7478,0.715,$10–50M,A Far Off Place
Born Yesterday,1993-03-26,Romantic Comedy,PG,17760754,36165012,1993,3,March,1,1990,Spring,2.036231795,398,364,0.6874,0.6287,$10–50M,Born Yesterday
The Adventures of Huck Finn,1993-04-02,Adventure,PG,24103594,49080505,1993,4,April,2,1990,Spring,2.036231817,338,315,0.5838,0.544,$10–50M,The Adventures of Huck Finn
Bound by Honor,1993-04-16,Romance,R,4496583,9156084,1993,4,April,2,1990,Spring,2.036231512,523,514,0.9033,0.8877,<$10M,Bound by Honor
Indian Summer,1993-04-23,Comedy,R,14717851,29968953,1993,4,April,2,1990,Spring,2.03623158,423,396,0.7306,0.6839,$10–50M,Indian Summer
Super Mario Bros.,1993-05-28,Action,PG,20844907,42445058,1993,5,May,2,1990,Spring,2.036231584,367,343,0.6339,0.5924,$10–50M,Super Mario Bros.
Guilty as Sin,1993-06-04,Thriller/Suspense,R,22622537,46064723,1993,6,June,2,1990,Summer,2.036231524,351,326,0.6062,0.563,$10–50M,Guilty as Sin
Life With Mikey,1993-06-04,Comedy,PG,12349549,25146538,1993,6,June,2,1990,Summer,2.036231283,441,422,0.7617,0.7288,$10–50M,Life With Mikey
What's Love Got to Do With It,1993-06-09,Drama,R,39100956,79618610,1993,6,June,2,1990,Summer,2.0362318,256,222,0.4421,0.3834,$10–50M,What's Love Got to Do With It
Son in Law,1993-07-02,Comedy,PG-13,25989889,52921433,1993,7,July,3,1990,Summer,2.03623159,323,301,0.5579,0.5199,$10–50M,Son in Law
Hocus Pocus,1993-07-16,Comedy,PG,39360491,80147079,1993,7,July,3,1990,Summer,2.036231687,255,221,0.4404,0.3817,$10–50M,Hocus Pocus
Another Stakeout,1993-07-23,Comedy,PG-13,20107504,40943541,1993,7,July,3,1990,Summer,2.036231896,372,349,0.6425,0.6028,$10–50M,Another Stakeout
My Boyfriend's Back,1993-08-06,Comedy,PG-13,3218882,6554384,1993,8,August,3,1990,Summer,2.036229971,538,533,0.9292,0.9206,<$10M,My Boyfriend's Back
Father Hood,1993-08-27,Comedy,PG-13,3268203,6654819,1993,8,August,3,1990,Summer,2.036231837,536,532,0.9257,0.9188,<$10M,Father Hood
The Joy Luck Club,1993-09-08,Drama,R,32790064,66768171,1993,9,September,3,1990,Fall,2.036231799,278,257,0.4801,0.4439,$10–50M,The Joy Luck Club
Money for Nothing,1993-09-10,Comedy,R,1044824,2127496,1993,9,September,3,1990,Fall,2.036224283,554,552,0.9568,0.9534,<$10M,Money for Nothing
The Program,1993-09-24,Action,R,23042200,46919256,1993,9,September,3,1990,Fall,2.03623161,348,323,0.601,0.5579,$10–50M,The Program
Cool Runnings,1993-10-01,Comedy,PG,68856263,140392731,1993,10,October,4,1990,Fall,2.038924636,156,126,0.2694,0.2176,$50–100M,Cool Runnings
The Nightmare Before Christmas,1993-10-13,Musical,PG,50408318,100026637,1993,10,October,4,1990,Fall,1.984328003,217,179,0.3748,0.3092,$50–100M,The Nightmare Before Christmas
The Three Musketeers,1993-11-12,Adventure,PG,53661805,109310377,1993,11,November,4,1990,Fall,2.037023857,202,161,0.3489,0.2781,$50–100M,The Three Musketeers
Sister Act 2 Back in the Habit,1993-12-10,Comedy,PG,57319029,116965668,1993,12,December,4,1990,Winter,2.04060798,191,151,0.3299,0.2608,$50–100M,Sister Act 2 Back in the Habit
Tombstone,1993-12-25,Western,R,56505065,115781734,1993,12,December,4,1990,Winter,2.049050541,195,153,0.3368,0.2642,$50–100M,Tombstone
The Air Up There,1994-01-07,Comedy,PG,20782439,42940186,1994,1,January,1,1990,Winter,2.066176448,368,340,0.6356,0.5872,$10–50M,The Air Up There
Cabin Boy,1994-01-07,Comedy,PG-13,3469493,7168577,1994,1,January,1,1990,Winter,2.066174222,533,527,0.9206,0.9102,<$10M,Cabin Boy
Iron Will,1994-01-14,Drama,PG,20623071,42610902,1994,1,January,1,1990,Winter,2.066176371,369,342,0.6373,0.5907,$10–50M,Iron Will
Red Rock West,1994-01-28,Mystery,R,2502551,5170709,1994,1,January,1,1990,Winter,2.066175275,543,541,0.9378,0.9344,<$10M,Red Rock West
Blank Check,1994-02-11,Comedy,PG,30573770,63170804,1994,2,February,1,1990,Winter,2.066176464,292,263,0.5043,0.4542,$10–50M,Blank Check
Angie,1994-03-04,Comedy,R,9252349,19116981,1994,3,March,1,1990,Spring,2.066175952,468,456,0.8083,0.7876,<$10M,Angie
The Ref,1994-03-09,Comedy,R,11325885,23401275,1994,3,March,1,1990,Spring,2.066176286,448,433,0.7737,0.7478,$10–50M,The Ref
D2: The Mighty Ducks,1994-03-25,Comedy,PG,45604206,94226333,1994,3,March,1,1990,Spring,2.066176374,233,188,0.4024,0.3247,$10–50M,D2
Holy Matrimony,1994-04-08,Comedy,PG-13,713234,1473665,1994,4,April,2,1990,Spring,2.066173233,557,556,0.962,0.9603,<$10M,Holy Matrimony
White Fang 2: Myth of the White Wolf,1994-04-15,Adventure,PG,8752399,18083994,1994,4,April,2,1990,Spring,2.066175685,476,460,0.8221,0.7945,<$10M,White Fang 2
The Inkwell,1994-04-22,Comedy,R,8864699,18316030,1994,4,April,2,1990,Spring,2.066176189,475,459,0.8204,0.7927,<$10M,The Inkwell
When a Man Loves a Woman,1994-04-29,Drama,R,50021959,103354194,1994,4,April,2,1990,Spring,2.066176457,221,173,0.3817,0.2988,$50–100M,When a Man Loves a Woman
3 Ninjas Kick Back,1994-05-06,Action,PG,11744960,24267154,1994,5,May,2,1990,Spring,2.06617596,446,428,0.7703,0.7392,$10–50M,3 Ninjas Kick Back
Renaissance Man,1994-06-03,Comedy,PG-13,24172899,49945474,1994,6,June,2,1990,Summer,2.066176423,336,313,0.5803,0.5406,$10–50M,Renaissance Man
The Lion King,1994-06-15,Adventure,G,422780140,761640898,1994,6,June,2,1990,Summer,1.801505856,7,10,0.0121,0.0173,>$300M,The Lion King
I Love Trouble,1994-06-29,Romantic Comedy,PG,30806194,63651027,1994,6,June,2,1990,Summer,2.06617627,289,261,0.4991,0.4508,$10–50M,I Love Trouble
Angels in the Outfield,1994-07-15,Comedy,PG,50236831,103798152,1994,7,July,3,1990,Summer,2.066176348,218,172,0.3765,0.2971,$50–100M,Angels in the Outfield
In the Army Now,1994-08-12,Comedy,PG,28881266,59673787,1994,8,August,3,1990,Summer,2.066176289,304,275,0.525,0.475,$10–50M,In the Army Now
Color of Night,1994-08-19,Thriller/Suspense,R,19750470,40804816,1994,8,August,3,1990,Summer,2.066017467,376,350,0.6494,0.6045,$10–50M,Color of Night
Camp Nowhere,1994-08-26,Comedy,PG,10442641,21576332,1994,8,August,3,1990,Summer,2.066175788,456,441,0.7876,0.7617,$10–50M,Camp Nowhere
It's Pat,1994-08-26,Comedy,PG-13,60822,125666,1994,8,August,3,1990,Summer,2.066127388,570,569,0.9845,0.9827,<$10M,It's Pat
A Simple Twist of Fate,1994-09-02,Drama,PG-13,3404935,7035189,1994,9,September,3,1990,Fall,2.066174244,534,529,0.9223,0.9136,<$10M,A Simple Twist of Fate
Quiz Show,1994-09-14,Drama,PG-13,24787282,50840394,1994,9,September,3,1990,Fall,2.051067721,331,307,0.5717,0.5302,$10–50M,Quiz Show
Terminal Velocity,1994-09-23,Action,PG-13,16478900,34048315,1994,9,September,3,1990,Fall,2.066176444,407,376,0.7029,0.6494,$10–50M,Terminal Velocity
Ed Wood,1994-09-30,Comedy,R,5828466,12042634,1994,9,September,3,1990,Fall,2.06617556,504,493,0.8705,0.8515,<$10M,Ed Wood
The Puppet Masters,1994-10-21,Horror,R,8579626,17727017,1994,10,October,4,1990,Fall,2.066175962,478,461,0.8256,0.7962,<$10M,The Puppet Masters
Squanto: A Warrior's Tale,1994-10-28,Drama,PG,3319344,6858345,1994,10,October,4,1990,Fall,2.066174822,535,530,0.924,0.9154,<$10M,Squanto
The Santa Clause,1994-11-11,Comedy,PG,144833357,298369717,1994,11,November,4,1990,Fall,2.060089769,66,45,0.114,0.0777,$100–300M,The Santa Clause
A Low Down Dirty Shame,1994-11-23,Action,R,29317886,60321919,1994,11,November,4,1990,Fall,2.057512571,297,269,0.513,0.4646,$10–50M,A Low Down Dirty Shame
The Jungle Book,1994-12-25,Adventure,PG,44342956,88930321,1994,12,December,4,1990,Winter,2.005511789,239,204,0.4128,0.3523,$10–50M,The Jungle Book
Houseguest,1995-01-06,Comedy,PG,26325256,51016522,1995,1,January,1,1990,Winter,1.937930708,322,305,0.5561,0.5268,$10–50M,Houseguest
Bad Company,1995-01-20,Thriller/Suspense,R,3523909,6829092,1995,1,January,1,1990,Winter,1.93793086,532,531,0.9188,0.9171,<$10M,Bad Company
Miami Rhapsody,1995-01-27,Romantic Comedy,PG-13,5086578,9857435,1995,1,January,1,1990,Winter,1.937930569,512,509,0.8843,0.8791,<$10M,Miami Rhapsody
The Jerky Boys,1995-02-03,Comedy,R,7555256,14641561,1995,2,February,1,1990,Winter,1.937930495,490,477,0.8463,0.8238,<$10M,The Jerky Boys
Heavy Weights,1995-02-17,Comedy,PG,17671310,34245779,1995,2,February,1,1990,Winter,1.937930974,400,375,0.6908,0.6477,$10–50M,Heavy Weights
Man of the House,1995-03-03,Comedy,PG,40029009,77573459,1995,3,March,1,1990,Spring,1.937931039,253,225,0.437,0.3886,$10–50M,Man of the House
Roommates,1995-03-03,Comedy,PG,12076989,23404369,1995,3,March,1,1990,Spring,1.937930804,444,432,0.7668,0.7461,$10–50M,Roommates
Tall Tale,1995-03-24,Western,PG,8247627,15983331,1995,3,March,1,1990,Spring,1.937930874,482,469,0.8325,0.81,<$10M,Tall Tale
A Pyromaniac's Love Story,1995-03-28,Romantic Comedy,PG,468240,907414,1995,3,March,1,1990,Spring,1.937924996,560,560,0.9672,0.9672,<$10M,A Pyromaniac's Love Story
Jefferson in Paris,1995-03-31,Drama,PG-13,2461628,4770461,1995,3,March,1,1990,Spring,1.937929289,544,542,0.9396,0.9361,<$10M,Jefferson in Paris
Funny Bones,1995-03-31,Comedy,R,529135,1025425,1995,3,March,1,1990,Spring,1.937926994,559,559,0.9655,0.9655,<$10M,Funny Bones
A Goofy Movie,1995-04-07,Comedy,G,35336439,68479579,1995,4,April,2,1990,Spring,1.937930956,270,246,0.4663,0.4249,$10–50M,A Goofy Movie
While You Were Sleeping,1995-04-21,Romantic Comedy,PG,81057016,157082900,1995,4,April,2,1990,Spring,1.93793095,138,112,0.2383,0.1934,$50–100M,While You Were Sleeping
Crimson Tide,1995-05-12,Action,R,91387195,177102077,1995,5,May,2,1990,Spring,1.937930987,114,101,0.1969,0.1744,$50–100M,Crimson Tide
Mad Love,1995-05-26,Drama,PG-13,15446532,29934306,1995,5,May,2,1990,Spring,1.937930534,413,398,0.7133,0.6874,$10–50M,Mad Love
Pocahontas,1995-06-10,Adventure,G,141579773,274370957,1995,6,June,2,1990,Summer,1.937924826,69,53,0.1192,0.0915,$100–300M,Pocahontas
Judge Dredd,1995-06-30,Action,R,34687912,67222776,1995,6,June,2,1990,Summer,1.937930885,274,254,0.4732,0.4387,$10–50M,Judge Dredd
Operation Dumbo Drop,1995-07-28,Adventure,PG,24670346,47809421,1995,7,July,3,1990,Summer,1.937930704,333,320,0.5751,0.5527,$10–50M,Operation Dumbo Drop
Dangerous Minds,1995-08-11,Drama,R,84919401,164552293,1995,8,August,3,1990,Summer,1.937746746,128,104,0.2211,0.1796,$50–100M,Dangerous Minds
A Kid in King Arthur's Court,1995-08-11,Adventure,PG,13406717,25981285,1995,8,August,3,1990,Summer,1.937930442,429,416,0.7409,0.7185,$10–50M,A Kid in King Arthur's Court
The Tie That Binds,1995-09-08,Thriller/Suspense,R,5762795,11167895,1995,9,September,3,1990,Fall,1.937930293,505,501,0.8722,0.8653,<$10M,The Tie That Binds
Unstrung Heroes,1995-09-15,Drama,PG,7929000,15365850,1995,9,September,3,1990,Fall,1.937930382,483,471,0.8342,0.8135,<$10M,Unstrung Heroes
The Big Green,1995-09-29,Comedy,PG,17736619,34372339,1995,9,September,3,1990,Fall,1.93793073,399,374,0.6891,0.6459,$10–50M,The Big Green
Dead Presidents,1995-10-04,Drama,R,24120194,46741467,1995,10,October,4,1990,Fall,1.93785618,337,324,0.582,0.5596,$10–50M,Dead Presidents
The Scarlet Letter,1995-10-13,Drama,R,10359006,20075033,1995,10,October,4,1990,Fall,1.937930435,458,451,0.791,0.7789,$10–50M,The Scarlet Letter
Feast of July,1995-10-13,Drama,R,293274,568342,1995,10,October,4,1990,Fall,1.937921534,563,562,0.9724,0.9706,<$10M,Feast of July
Powder,1995-10-27,Drama,PG-13,30833914,59727216,1995,10,October,4,1990,Fall,1.937062418,288,273,0.4974,0.4715,$10–50M,Powder
Toy Story,1995-11-22,Adventure,G,191796233,370409631,1995,11,November,4,1990,Fall,1.931266455,47,29,0.0812,0.0501,$100–300M,Toy Story
Father of the Bride Part II,1995-12-08,Comedy,PG,76578911,147658438,1995,12,December,4,1990,Winter,1.928186704,143,122,0.247,0.2107,$50–100M,Father of the Bride Part II
Nixon,1995-12-20,Drama,R,13668249,26302005,1995,12,December,4,1990,Winter,1.924314153,428,413,0.7392,0.7133,$10–50M,Nixon
Tom and Huck,1995-12-22,Adventure,PG,23837227,45911517,1995,12,December,4,1990,Winter,1.926042698,342,327,0.5907,0.5648,$10–50M,Tom and Huck
Mr. Holland's Opus,1995-12-29,Drama,PG,82582604,157508868,1995,12,December,4,1990,Winter,1.907288707,134,111,0.2314,0.1917,$50–100M,Mr. Holland's Opus
White Squall,1996-02-02,Adventure,PG-13,10229300,19509726,1996,2,February,1,1990,Winter,1.907239596,460,452,0.7945,0.7807,$10–50M,White Squall
Muppet Treasure Island,1996-02-16,Adventure,G,34327391,65470567,1996,2,February,1,1990,Winter,1.907239819,275,258,0.475,0.4456,$10–50M,Muppet Treasure Island
Mr. Wrong,1996-02-16,Romantic Comedy,PG-13,12805071,24422334,1996,2,February,1,1990,Winter,1.907239249,434,426,0.7496,0.7358,$10–50M,Mr. Wrong
Before and After,1996-02-23,Drama,PG-13,8642118,16482589,1996,2,February,1,1990,Winter,1.907239522,477,465,0.8238,0.8031,<$10M,Before and After
Up Close & Personal,1996-03-01,Drama,PG-13,51045801,97356578,1996,3,March,1,1990,Spring,1.907239696,212,181,0.3661,0.3126,$50–100M,Up Close & Personal
Homeward Bound II: Lost in San Franc…,1996-03-08,Adventure,G,32709423,62384706,1996,3,March,1,1990,Spring,1.907239574,279,265,0.4819,0.4577,$10–50M,Homeward Bound II
Two Much,1996-03-15,Romantic Comedy,PG-13,1078555,2057055,1996,3,March,1,1990,Spring,1.907232362,553,553,0.9551,0.9551,<$10M,Two Much
Un indien dans la ville,1996-03-22,Comedy,PG,1029731,1963937,1996,3,March,1,1990,Spring,1.907233054,555,554,0.9585,0.9568,<$10M,Un indien dans la ville
James and the Giant Peach,1996-04-12,Adventure,PG,28921264,55159783,1996,4,April,2,1990,Spring,1.907239704,303,290,0.5233,0.5009,$10–50M,James and the Giant Peach
Celtic Pride,1996-04-19,Comedy,PG-13,9240378,17623615,1996,4,April,2,1990,Spring,1.907239617,469,462,0.81,0.7979,<$10M,Celtic Pride
Last Dance,1996-05-03,Drama,R,5857534,11171714,1996,5,May,2,1990,Spring,1.907238439,502,500,0.867,0.8636,<$10M,Last Dance
Boys,1996-05-10,Drama,PG-13,21930418,41826566,1996,5,May,2,1990,Spring,1.907239798,355,346,0.6131,0.5976,$10–50M,Boys
Spy Hard,1996-05-24,Comedy,PG-13,26936265,51373912,1996,5,May,2,1990,Spring,1.907239627,316,304,0.5458,0.525,$10–50M,Spy Hard
Eddie,1996-05-31,Comedy,PG-13,31369401,59828966,1996,5,May,2,1990,Spring,1.90723967,286,271,0.494,0.468,$10–50M,Eddie
The Rock,1996-06-07,Action,R,134069511,255702705,1996,6,June,2,1990,Summer,1.907239783,77,60,0.133,0.1036,$100–300M,The Rock
The Hunchback of Notre Dame,1996-06-21,Adventure,G,100138851,190988799,1996,6,June,2,1990,Summer,1.907239769,102,88,0.1762,0.152,$100–300M,The Hunchback of Notre Dame
Phenomenon,1996-07-05,Drama,PG,104636382,199559799,1996,7,July,3,1990,Summer,1.907174113,97,84,0.1675,0.1451,$100–300M,Phenomenon
Kazaam,1996-07-17,Comedy,PG,18880508,36009655,1996,7,July,3,1990,Summer,1.907239731,387,366,0.6684,0.6321,$10–50M,Kazaam
Jack,1996-08-09,Drama,PG-13,58617334,111792852,1996,8,August,3,1990,Summer,1.907163707,186,155,0.3212,0.2677,$50–100M,Jack
First Kid,1996-08-30,Comedy,PG,26465920,50465108,1996,8,August,3,1990,Summer,1.90679591,321,311,0.5544,0.5371,$10–50M,First Kid
The Rich Man's Wife,1996-09-13,Thriller/Suspense,R,8538318,16284619,1996,9,September,3,1990,Fall,1.907239693,479,468,0.8273,0.8083,<$10M,The Rich Man's Wife
D3: The Mighty Ducks,1996-10-04,Comedy,PG,22936273,43713554,1996,10,October,4,1990,Fall,1.905869973,349,337,0.6028,0.582,$10–50M,D3
The Associate,1996-10-25,Comedy,PG-13,12772657,24333094,1996,10,October,4,1990,Fall,1.905092574,435,427,0.7513,0.7375,$10–50M,The Associate
Ransom,1996-11-08,Action,R,136492681,259807820,1996,11,November,4,1990,Fall,1.903456054,74,57,0.1278,0.0984,$100–300M,Ransom
The War at Home,1996-11-20,Drama,R,34368,65543,1996,11,November,4,1990,Fall,1.907093808,573,572,0.9896,0.9879,<$10M,The War at Home
101 Dalmatians,1996-11-27,Comedy,G,136189294,258728898,1996,11,November,4,1990,Fall,1.899774133,75,58,0.1295,0.1002,$100–300M,101 Dalmatians
The Preacher's Wife,1996-12-13,Drama,PG,48102795,91076877,1996,12,December,4,1990,Winter,1.893380146,227,200,0.3921,0.3454,$10–50M,The Preacher's Wife
Evita,1996-12-25,Musical,PG,50047179,92077628,1996,12,December,4,1990,Winter,1.839816546,219,196,0.3782,0.3385,$50–100M,Evita
Metro,1997-01-17,Action,R,32017895,58804106,1997,1,January,1,1990,Winter,1.836601251,282,277,0.487,0.4784,$10–50M,Metro
Prefontaine,1997-01-24,Drama,PG-13,590817,1085093,1997,1,January,1,1990,Winter,1.836597457,558,558,0.9637,0.9637,<$10M,Prefontaine
Shadow Conspiracy,1997-01-31,Thriller/Suspense,R,2154540,3957025,1997,1,January,1,1990,Winter,1.836598531,546,545,0.943,0.9413,<$10M,Shadow Conspiracy
That Darn Cat,1997-02-14,Comedy,PG,18301828,33613158,1997,2,February,1,1990,Winter,1.836601131,391,378,0.6753,0.6528,$10–50M,That Darn Cat
Jungle 2 Jungle,1997-03-07,Comedy,PG,59925026,110058379,1997,3,March,1,1990,Spring,1.836601272,182,158,0.3143,0.2729,$50–100M,Jungle 2 Jungle
The Sixth Man,1997-03-28,Comedy,PG-13,14765099,27117599,1997,3,March,1,1990,Spring,1.836601231,421,412,0.7271,0.7116,$10–50M,The Sixth Man
Grosse Pointe Blank,1997-04-11,Black Comedy,R,28084357,51579764,1997,4,April,2,1990,Spring,1.836601208,308,303,0.532,0.5233,$10–50M,Grosse Pointe Blank
Romy and Michele's High School Reunion,1997-04-25,Comedy,R,29235353,53693680,1997,4,April,2,1990,Spring,1.836601049,299,297,0.5164,0.513,$10–50M,Romy and Michele's High School Reunion
Gone Fishin',1997-05-30,Comedy,PG,19745922,36265379,1997,5,May,2,1990,Spring,1.836600945,377,363,0.6511,0.6269,$10–50M,Gone Fishin'
Con Air,1997-06-06,Action,R,101117573,185712664,1997,6,June,2,1990,Summer,1.83660128,101,89,0.1744,0.1537,$100–300M,Con Air
Hercules,1997-06-13,Adventure,G,99112101,182029412,1997,6,June,2,1990,Summer,1.836601284,104,94,0.1796,0.1623,$50–100M,Hercules
George Of The Jungle,1997-07-16,Comedy,PG,105263257,193326632,1997,7,July,3,1990,Summer,1.836601275,96,86,0.1658,0.1485,$100–300M,George Of The Jungle
Nothing To Lose,1997-07-18,Comedy,R,44480039,81692095,1997,7,July,3,1990,Summer,1.836601245,238,218,0.4111,0.3765,$10–50M,Nothing To Lose
Air Bud,1997-08-01,Comedy,PG,24646936,45266588,1997,8,August,3,1990,Summer,1.836601028,334,330,0.5769,0.5699,$10–50M,Air Bud
G.I. Jane,1997-08-22,Drama,R,48169156,88467531,1997,8,August,3,1990,Summer,1.836601227,226,205,0.3903,0.3541,$10–50M,G.I. Jane
A Thousand Acres,1997-09-19,Drama,R,7928412,14561324,1997,9,September,3,1990,Fall,1.836600318,484,480,0.8359,0.829,<$10M,A Thousand Acres
Washington Square,1997-10-05,Drama,PG,1775644,3257546,1997,10,October,4,1990,Fall,1.83457157,547,547,0.9447,0.9447,<$10M,Washington Square
Rocket Man,1997-10-10,Comedy,PG,15448043,28371890,1997,10,October,4,1990,Fall,1.836600921,412,406,0.7116,0.7012,$10–50M,Rocket Man
Playing God,1997-10-17,Thriller/Suspense,R,4166918,7652965,1997,10,October,4,1990,Fall,1.836600816,528,522,0.9119,0.9016,<$10M,Playing God
Flubber,1997-11-26,Comedy,PG,92993801,170406423,1997,11,November,4,1990,Fall,1.832449273,113,102,0.1952,0.1762,$50–100M,Flubber
An American Werewolf in Paris,1997-12-25,Horror,R,26570463,48546161,1997,12,December,4,1990,Winter,1.827072453,320,317,0.5527,0.5475,$10–50M,An American Werewolf in Paris
Mr. Magoo,1997-12-25,Comedy,PG,21437192,39145784,1997,12,December,4,1990,Winter,1.826068638,362,356,0.6252,0.6149,$10–50M,Mr. Magoo
Kundun,1997-12-25,Drama,PG-13,5686694,10236836,1997,12,December,4,1990,Winter,1.800138358,506,505,0.8739,0.8722,<$10M,Kundun
Deep Rising,1998-01-30,Action,R,11203026,20136775,1998,1,January,1,1990,Winter,1.797440709,451,450,0.7789,0.7772,$10–50M,Deep Rising
Krippendorf's Tribe,1998-02-27,Comedy,PG-13,7571115,13608633,1998,2,February,1,1990,Winter,1.797441064,489,484,0.8446,0.8359,<$10M,Krippendorf's Tribe
An Alan Smithee Film: Burn Hollywood Burn,1998-02-27,Comedy,R,45779,82277,1998,2,February,1,1990,Winter,1.797265122,572,571,0.9879,0.9862,<$10M,An Alan Smithee Film
Meet the Deedles,1998-03-27,Comedy,PG,4356126,7829877,1998,3,March,1,1990,Spring,1.797440432,524,521,0.905,0.8998,<$10M,Meet the Deedles
He Got Game,1998-05-01,Drama,R,21567853,38766948,1998,5,May,2,1990,Spring,1.79744122,359,357,0.62,0.6166,$10–50M,He Got Game
The Horse Whisperer,1998-05-15,Drama,PG-13,75383563,135497531,1998,5,May,2,1990,Spring,1.79744132,147,129,0.2539,0.2228,$50–100M,The Horse Whisperer
"Six Days, Seven Nights",1998-06-12,Romantic Comedy,PG-13,74339294,133620516,1998,6,June,2,1990,Summer,1.797441283,149,132,0.2573,0.228,$50–100M,"Six Days, Seven Nights"
Mulan,1998-06-19,Adventure,G,120620254,216807832,1998,6,June,2,1990,Summer,1.797441348,85,72,0.1468,0.1244,$100–300M,Mulan
Armageddon,1998-07-01,Adventure,PG-13,201578182,362324957,1998,7,July,3,1990,Summer,1.797441337,43,32,0.0743,0.0553,$100–300M,Armageddon
Jane Austen's Mafia,1998-07-24,Comedy,PG-13,19843795,35668055,1998,7,July,3,1990,Summer,1.797441215,375,369,0.6477,0.6373,$10–50M,Jane Austen's Mafia
The Parent Trap,1998-07-29,Comedy,PG,66308518,119185667,1998,7,July,3,1990,Summer,1.797441273,162,146,0.2798,0.2522,$50–100M,The Parent Trap
Firelight,1998-09-04,Drama,R,784419,1409943,1998,9,September,3,1990,Fall,1.797436064,556,557,0.9603,0.962,<$10M,Firelight
Simon Birch,1998-09-11,Drama,PG,18253415,32809442,1998,9,September,3,1990,Fall,1.797441301,393,380,0.6788,0.6563,$10–50M,Simon Birch
Holy Man,1998-10-09,Comedy,PG,12069719,21694605,1998,10,October,4,1990,Fall,1.797440769,445,440,0.7686,0.7599,$10–50M,Holy Man
Beloved,1998-10-16,Drama,R,22852487,41062682,1998,10,October,4,1990,Fall,1.796858346,350,347,0.6045,0.5993,$10–50M,Beloved
The Waterboy,1998-11-06,Comedy,PG-13,161491646,288691833,1998,11,November,4,1990,Fall,1.787658001,62,48,0.1071,0.0829,$100–300M,The Waterboy
I'll Be Home For Christmas,1998-11-13,Comedy,PG,12214338,21941840,1998,11,November,4,1990,Fall,1.796400263,443,439,0.7651,0.7582,$10–50M,I'll Be Home For Christmas
A Bug's Life,1998-11-20,Adventure,G,162798565,288981698,1998,11,November,4,1990,Fall,1.775087502,61,47,0.1054,0.0812,$100–300M,A Bug's Life
Enemy of the State,1998-11-20,Action,R,111549836,198472008,1998,11,November,4,1990,Fall,1.779222768,91,85,0.1572,0.1468,$100–300M,Enemy of the State
Rushmore,1998-12-11,Black Comedy,R,17105219,28392518,1998,12,December,4,1990,Winter,1.659874568,403,404,0.696,0.6978,$10–50M,Rushmore
A Civil Action,1998-12-25,Drama,PG-13,56709981,94139530,1998,12,December,4,1990,Winter,1.660016955,194,191,0.3351,0.3299,$50–100M,A Civil Action
Mighty Joe Young,1998-12-25,Adventure,PG,50632037,87906042,1998,12,December,4,1990,Winter,1.736174312,216,206,0.3731,0.3558,$50–100M,Mighty Joe Young
My Favorite Martian,1999-02-12,Comedy,PG,36850101,61150849,1999,2,February,1,1990,Winter,1.659448613,265,266,0.4577,0.4594,$10–50M,My Favorite Martian
The Other Sister,1999-02-26,Romantic Comedy,PG-13,27807627,46145331,1999,2,February,1,1990,Winter,1.659448719,311,325,0.5371,0.5613,$10–50M,The Other Sister
Doug's 1st Movie,1999-03-26,Adventure,G,19421271,32228598,1999,3,March,1,1990,Spring,1.659448447,381,384,0.658,0.6632,$10–50M,Doug's 1st Movie
Ten Things I Hate About You,1999-03-31,Romantic Comedy,PG-13,38177966,63354375,1999,3,March,1,1990,Spring,1.659448673,258,262,0.4456,0.4525,$10–50M,Ten Things I Hate About You
Instinct,1999-06-04,Drama,R,34105207,56595842,1999,6,June,2,1990,Summer,1.659448717,276,283,0.4767,0.4888,$10–50M,Instinct
Tarzan,1999-06-16,Adventure,G,171091819,283900254,1999,6,June,2,1990,Summer,1.659344413,56,49,0.0967,0.0846,$100–300M,Tarzan
Summer of Sam,1999-07-02,Drama,R,19288130,32007656,1999,7,July,3,1990,Summer,1.659448376,383,387,0.6615,0.6684,$10–50M,Summer of Sam
Inspector Gadget,1999-07-23,Comedy,PG,97387965,161610341,1999,7,July,3,1990,Summer,1.659448793,106,106,0.1831,0.1831,$50–100M,Inspector Gadget
The Sixth Sense,1999-08-06,Thriller/Suspense,PG-13,293506292,485424724,1999,8,August,3,1990,Summer,1.653881832,20,17,0.0345,0.0294,$100–300M,The Sixth Sense
The 13th Warrior,1999-08-27,Action,R,32698899,54262148,1999,8,August,3,1990,Summer,1.659448778,280,295,0.4836,0.5095,$10–50M,The 13th Warrior
Breakfast of Champions,1999-09-17,Comedy,R,178287,295851,1999,9,September,3,1990,Fall,1.659408706,568,567,0.981,0.9793,<$10M,Breakfast of Champions
Mumford,1999-09-24,Comedy,R,4559569,7566363,1999,9,September,3,1990,Fall,1.659446978,521,523,0.8998,0.9033,<$10M,Mumford
"Mystery, Alaska",1999-10-01,Comedy,R,8891623,14755189,1999,10,October,4,1990,Fall,1.659448337,473,476,0.8169,0.8221,<$10M,"Mystery, Alaska"
The Straight Story,1999-10-15,Drama,G,6197866,10111144,1999,10,October,4,1990,Fall,1.631391192,501,506,0.8653,0.8739,<$10M,The Straight Story
The Insider,1999-11-05,Drama,R,28965197,47794214,1999,11,November,4,1990,Fall,1.650056583,302,321,0.5216,0.5544,$10–50M,The Insider
Toy Story 2,1999-11-19,Adventure,G,245852179,404450426,1999,11,November,4,1990,Fall,1.645095958,28,26,0.0484,0.0449,$100–300M,Toy Story 2
Cradle Will Rock,1999-12-08,Drama,R,2899970,4609153,1999,12,December,4,1990,Winter,1.589379545,540,544,0.9326,0.9396,<$10M,Cradle Will Rock
Deuce Bigalow: Male Gigolo,1999-12-10,Comedy,R,65535067,106921374,1999,12,December,4,1990,Winter,1.631513919,165,164,0.285,0.2832,$50–100M,Deuce Bigalow
Bicentennial Man,1999-12-17,Drama,PG,58220776,94838225,1999,12,December,4,1990,Winter,1.628941273,188,186,0.3247,0.3212,$50–100M,Bicentennial Man
Play it to the Bone,1999-12-24,Comedy,R,8427204,13180524,1999,12,December,4,1990,Winter,1.564044729,480,486,0.829,0.8394,<$10M,Play it to the Bone
Fantasia 2000 (IMAX),2000-01-01,Musical,G,60507228,94852354,2000,1,January,1,2000,Winter,1.567620219,180,185,0.3109,0.3195,$50–100M,Fantasia 2000 (IMAX)
Gun Shy,2000-02-04,Comedy,R,1638202,2562155,2000,2,February,1,2000,Winter,1.564004317,548,549,0.9465,0.9482,<$10M,Gun Shy
The Tigger Movie,2000-02-11,Adventure,G,45542421,71228678,2000,2,February,1,2000,Winter,1.56400728,234,239,0.4041,0.4128,$10–50M,The Tigger Movie
Mission to Mars,2000-03-10,Adventure,PG,60874615,95208344,2000,3,March,1,2000,Spring,1.564007329,178,183,0.3074,0.3161,$50–100M,Mission to Mars
High Fidelity,2000-03-31,Comedy,R,27277055,42661516,2000,3,March,1,2000,Spring,1.564007405,315,341,0.544,0.5889,$10–50M,High Fidelity
Keeping the Faith,2000-04-14,Romantic Comedy,PG-13,37036404,57925202,2000,4,April,2,2000,Spring,1.564007186,264,280,0.456,0.4836,$10–50M,Keeping the Faith
Dinosaur,2000-05-19,Adventure,PG,137748063,215438985,2000,5,May,2,2000,Spring,1.564007365,73,73,0.1261,0.1261,$100–300M,Dinosaur
Shanghai Noon,2000-05-26,Western,PG-13,56932305,89042541,2000,5,May,2,2000,Spring,1.564007307,193,203,0.3333,0.3506,$50–100M,Shanghai Noon
Gone in 60 Seconds,2000-06-09,Action,PG-13,101643008,158970411,2000,6,June,2,2000,Summer,1.564007344,100,110,0.1727,0.19,$100–300M,Gone in 60 Seconds
Fantasia 2000 (Theatrical Release),2000-06-16,Musical,G,9103630,14238144,2000,6,June,2,2000,Summer,1.564007325,471,483,0.8135,0.8342,<$10M,Fantasia 2000 (Theatrical Release)
The Kid,2000-07-07,Comedy,PG,69688384,108993148,2000,7,July,3,2000,Summer,1.564007396,155,162,0.2677,0.2798,$50–100M,The Kid
Coyote Ugly,2000-08-04,Drama,PG-13,60786269,95070168,2000,8,August,3,2000,Summer,1.564007293,179,184,0.3092,0.3178,$50–100M,Coyote Ugly
The Crew,2000-08-25,Comedy,PG-13,13019253,20362201,2000,8,August,3,2000,Summer,1.56400686,432,447,0.7461,0.772,$10–50M,The Crew
Duets,2000-09-15,Drama,R,4734235,7404372,2000,9,September,3,2000,Fall,1.564006012,518,525,0.8946,0.9067,<$10M,Duets
Remember the Titans,2000-09-29,Drama,PG,115654751,180742479,2000,9,September,3,2000,Fall,1.562776085,87,95,0.1503,0.1641,$100–300M,Remember the Titans
Unbreakable,2000-11-22,Thriller/Suspense,PG-13,94999143,148208901,2000,11,November,4,2000,Fall,1.560107769,109,121,0.1883,0.209,$50–100M,Unbreakable
102 Dalmatians,2000-11-22,Comedy,G,66941559,104055039,2000,11,November,4,2000,Fall,1.554416129,161,171,0.2781,0.2953,$50–100M,102 Dalmatians
The Emperor's New Groove,2000-12-15,Adventure,G,89296573,136789252,2000,12,December,4,2000,Winter,1.531853322,122,128,0.2107,0.2211,$50–100M,The Emperor's New Groove
"O Brother, Where Art Thou?",2000-12-22,Comedy,PG-13,45506619,67922002,2000,12,December,4,2000,Winter,1.492574124,235,250,0.4059,0.4318,$10–50M,"O Brother, Where Art Thou?"
Double Take,2001-01-12,Action,PG-13,29823162,44418589,2001,1,January,1,2000,Winter,1.489399045,294,333,0.5078,0.5751,$10–50M,Double Take
Recess: School's Out,2001-02-16,Comedy,G,36696761,54656124,2001,2,February,1,2000,Winter,1.489399133,266,294,0.4594,0.5078,$10–50M,Recess
Just Visiting,2001-04-06,Comedy,PG-13,4777007,7114869,2001,4,April,2,2000,Spring,1.489398906,516,528,0.8912,0.9119,<$10M,Just Visiting
Pearl Harbor,2001-05-25,Action,PG-13,198539855,295705112,2001,5,May,2,2000,Spring,1.489399254,46,46,0.0794,0.0794,$100–300M,Pearl Harbor
Atlantis: The Lost Empire,2001-06-08,Adventure,PG,84052762,125188122,2001,6,June,2,2000,Summer,1.489399266,131,139,0.2263,0.2401,$50–100M,Atlantis
crazy/beautiful,2001-06-29,Drama,PG-13,16929123,25214223,2001,6,June,2,2000,Summer,1.489399244,406,420,0.7012,0.7254,$10–50M,crazy/beautiful
The Princess Diaries,2001-08-03,Comedy,G,108244774,161218928,2001,8,August,3,2000,Summer,1.489392255,95,107,0.1641,0.1848,$100–300M,The Princess Diaries
Bubble Boy,2001-08-24,Comedy,PG-13,5002310,7450434,2001,8,August,3,2000,Summer,1.489398698,513,524,0.886,0.905,<$10M,Bubble Boy
Max Keeble's Big Move,2001-10-05,Comedy,PG,17292381,25749730,2001,10,October,4,2000,Fall,1.489079497,401,417,0.6926,0.7202,$10–50M,Max Keeble's Big Move
Corky Romano,2001-10-12,Comedy,PG-13,23978402,35705805,2001,10,October,4,2000,Fall,1.489081925,341,368,0.5889,0.6356,$10–50M,Corky Romano
High Heels and Low Lifes,2001-10-26,Action,R,226792,337782,2001,10,October,4,2000,Fall,1.48939116,566,565,0.9775,0.9758,<$10M,High Heels and Low Lifes
"Monsters, Inc.",2001-11-02,Adventure,G,289423425,416073179,2001,11,November,4,2000,Fall,1.437593308,23,23,0.0397,0.0397,$100–300M,"Monsters, Inc."
Out Cold,2001-11-21,Comedy,PG-13,13906394,20700691,2001,11,November,4,2000,Fall,1.488573601,426,445,0.7358,0.7686,$10–50M,Out Cold
The Royal Tenenbaums,2001-12-14,Black Comedy,R,52353636,76758193,2001,12,December,4,2000,Winter,1.466148273,207,229,0.3575,0.3955,$50–100M,The Royal Tenenbaums
Beauty and the Beast (IMAX),2002-01-01,Musical,G,25487028,36980311,2002,1,January,1,2000,Winter,1.450946379,326,362,0.563,0.6252,$10–50M,Beauty and the Beast (IMAX)
Snow Dogs,2002-01-18,Comedy,PG,81150692,117745317,2002,1,January,1,2000,Winter,1.450946555,137,150,0.2366,0.2591,$50–100M,Snow Dogs
The Count of Monte Cristo,2002-01-25,Drama,PG-13,54228104,78682079,2002,1,January,1,2000,Winter,1.450946524,201,223,0.3472,0.3851,$50–100M,The Count of Monte Cristo
Peter Pan: Return to Neverland,2002-02-15,Adventure,G,48430258,70269715,2002,2,February,1,2000,Winter,1.450946534,225,243,0.3886,0.4197,$10–50M,Peter Pan
Reign of Fire,2002-02-19,Action,PG-13,43061982,62480631,2002,2,February,1,2000,Winter,1.450946475,245,264,0.4231,0.456,$10–50M,Reign of Fire
Sorority Boys,2002-03-22,Comedy,R,10198766,14797862,2002,3,March,1,2000,Spring,1.45094632,462,475,0.7979,0.8204,$10–50M,Sorority Boys
The Rookie,2002-03-29,Drama,G,75600072,109691666,2002,3,March,1,2000,Spring,1.450946581,146,159,0.2522,0.2746,$50–100M,The Rookie
Big Trouble,2002-04-05,Comedy,PG-13,7262288,10537188,2002,4,April,2,2000,Spring,1.450946038,493,504,0.8515,0.8705,<$10M,Big Trouble
ESPN's Ultimate X - The Movie,2002-05-10,Documentary,PG,4197175,6089874,2002,5,May,2,2000,Spring,1.450945934,527,535,0.9102,0.924,<$10M,ESPN's Ultimate X - The Movie
Bad Company,2002-06-07,Action,PG-13,30157016,43756218,2002,6,June,2,2000,Summer,1.450946539,293,336,0.506,0.5803,$10–50M,Bad Company
Lilo & Stitch,2002-06-21,Adventure,PG,145771527,211506702,2002,6,June,2,2000,Summer,1.450946604,65,76,0.1123,0.1313,$100–300M,Lilo & Stitch
The Country Bears,2002-07-26,Adventure,G,16988996,24650121,2002,7,July,3,2000,Summer,1.450946307,405,425,0.6995,0.734,$10–50M,The Country Bears
Signs,2002-08-02,Thriller/Suspense,PG-13,227965690,330754439,2002,8,August,3,2000,Summer,1.450895698,35,40,0.0604,0.0691,$100–300M,Signs
Sen to Chihiro no Kamikakushi,2002-09-20,Adventure,PG,10049886,14338992,2002,9,September,3,2000,Fall,1.426781558,464,482,0.8014,0.8325,$10–50M,Sen to Chihiro no Kamikakushi
Sweet Home Alabama,2002-09-27,Comedy,PG-13,127214072,184521151,2002,9,September,3,2000,Fall,1.450477515,82,91,0.1416,0.1572,$100–300M,Sweet Home Alabama
Moonlight Mile,2002-09-27,Drama,PG-13,6830957,9909094,2002,9,September,3,2000,Fall,1.450615778,498,507,0.8601,0.8756,<$10M,Moonlight Mile
Tuck Everlasting,2002-10-11,Drama,PG,19161999,27789959,2002,10,October,4,2000,Fall,1.450264088,385,409,0.6649,0.7064,$10–50M,Tuck Everlasting
The Santa Clause 2,2002-11-01,Comedy,G,139225854,201959095,2002,11,November,4,2000,Fall,1.450586146,71,81,0.1226,0.1399,$100–300M,The Santa Clause 2
Treasure Planet,2002-11-27,Adventure,PG,38120554,55189145,2002,11,November,4,2000,Fall,1.447752963,260,289,0.4491,0.4991,$10–50M,Treasure Planet
The Hot Chick,2002-12-13,Comedy,PG-13,35081550,50624654,2002,12,December,4,2000,Winter,1.443056364,272,309,0.4698,0.5337,$10–50M,The Hot Chick
25th Hour,2002-12-19,Drama,R,13084595,18325463,2002,12,December,4,2000,Winter,1.400537273,431,458,0.7444,0.791,$10–50M,25th Hour
The Recruit,2003-01-31,Thriller/Suspense,PG-13,52784696,73793522,2003,1,January,1,2000,Winter,1.398009794,206,236,0.3558,0.4076,$50–100M,The Recruit
Shanghai Knights,2003-02-07,Adventure,PG-13,60470220,84537962,2003,2,February,1,2000,Winter,1.39800983,181,213,0.3126,0.3679,$50–100M,Shanghai Knights
The Jungle Book 2,2003-02-14,Adventure,G,47901582,66966883,2003,2,February,1,2000,Winter,1.39800984,228,256,0.3938,0.4421,$10–50M,The Jungle Book 2
Bringing Down the House,2003-03-07,Comedy,PG-13,132675402,185481530,2003,3,March,1,2000,Spring,1.398009934,78,90,0.1347,0.1554,$100–300M,Bringing Down the House
Piglet's Big Movie,2003-03-21,Comedy,G,23103423,32298812,2003,3,March,1,2000,Spring,1.39800981,346,383,0.5976,0.6615,$10–50M,Piglet's Big Movie
Ghosts of the Abyss,2003-04-11,Documentary,G,17093668,23803108,2003,4,April,2,2000,Spring,1.392510256,404,430,0.6978,0.7427,$10–50M,Ghosts of the Abyss
Holes,2003-04-18,Drama,PG,67383924,94203395,2003,4,April,2,2000,Spring,1.398009932,157,189,0.2712,0.3264,$50–100M,Holes
The Lizzie McGuire Movie,2003-05-02,Comedy,PG,42734455,59743191,2003,5,May,2,2000,Spring,1.398009896,246,272,0.4249,0.4698,$10–50M,The Lizzie McGuire Movie
Finding Nemo,2003-05-30,Adventure,G,380529370,518148559,2003,5,May,2,2000,Spring,1.361651951,12,15,0.0207,0.0259,>$300M,Finding Nemo
Pirates of the Caribbean: The Curse o…,2003-07-09,Adventure,PG-13,305411224,426967926,2003,7,July,3,2000,Summer,1.398009937,19,21,0.0328,0.0363,>$300M,Pirates of the Caribbean
Freaky Friday,2003-08-06,Comedy,PG,110222438,154090360,2003,8,August,3,2000,Summer,1.397994481,93,117,0.1606,0.2021,$100–300M,Freaky Friday
Open Range,2003-08-15,Western,R,58331254,81547672,2003,8,August,3,2000,Summer,1.398009924,187,219,0.323,0.3782,$50–100M,Open Range
Cold Creek Manor,2003-09-19,Thriller/Suspense,R,21384035,29895090,2003,9,September,3,2000,Fall,1.398009777,364,399,0.6287,0.6891,$10–50M,Cold Creek Manor
Under the Tuscan Sun,2003-09-26,Comedy,PG-13,43601508,60944053,2003,9,September,3,2000,Fall,1.397751037,243,268,0.4197,0.4629,$10–50M,Under the Tuscan Sun
Veronica Guerin,2003-10-17,Drama,R,1569918,2194759,2003,10,October,4,2000,Fall,1.398008686,549,551,0.9482,0.9516,<$10M,Veronica Guerin
Brother Bear,2003-10-24,Adventure,G,85336277,119218333,2003,10,October,4,2000,Fall,1.397041647,126,145,0.2176,0.2504,$50–100M,Brother Bear
The Haunted Mansion,2003-11-26,Comedy,PG,75817994,105775678,2003,11,November,4,2000,Fall,1.395126307,145,169,0.2504,0.2919,$50–100M,The Haunted Mansion
Calendar Girls,2003-12-19,Comedy,PG-13,31011616,42379650,2003,12,December,4,2000,Winter,1.366573416,287,344,0.4957,0.5941,$10–50M,Calendar Girls
Young Black Stallion,2003-12-25,Adventure,G,6751389,9254344,2003,12,December,4,2000,Winter,1.37073186,499,513,0.8618,0.886,<$10M,Young Black Stallion
Teacher's Pet: The Movie,2004-01-16,Comedy,PG,6491969,8812764,2004,1,January,1,2000,Winter,1.357487074,500,517,0.8636,0.8929,<$10M,Teacher's Pet
Miracle,2004-02-06,Drama,PG,64378093,87392478,2004,2,February,1,2000,Winter,1.357487834,169,207,0.2919,0.3575,$50–100M,Miracle
Confessions of a Teenage Drama Queen,2004-02-20,Comedy,PG,29331068,39816568,2004,2,February,1,2000,Winter,1.357487835,296,354,0.5112,0.6114,$10–50M,Confessions of a Teenage Drama Queen
Hidalgo,2004-03-05,Western,PG-13,67286731,91340921,2004,3,March,1,2000,Spring,1.357487868,158,197,0.2729,0.3402,$50–100M,Hidalgo
The Ladykillers,2004-03-26,Comedy,R,39692139,53881593,2004,3,March,1,2000,Spring,1.357487764,254,296,0.4387,0.5112,$10–50M,The Ladykillers
Home on the Range,2004-04-02,Comedy,PG,50026353,67910166,2004,4,April,2,2000,Spring,1.357487842,220,251,0.38,0.4335,$50–100M,Home on the Range
The Alamo,2004-04-09,Western,PG-13,22406362,30416359,2004,4,April,2,2000,Spring,1.357487619,353,394,0.6097,0.6805,$10–50M,The Alamo
Raising Helen,2004-05-28,Comedy,PG-13,37485528,50886144,2004,5,May,2,2000,Spring,1.357487722,262,306,0.4525,0.5285,$10–50M,Raising Helen
Around the World in 80 Days,2004-06-16,Adventure,PG,24004159,32585356,2004,6,June,2,2000,Summer,1.357487925,340,382,0.5872,0.6598,$10–50M,Around the World in 80 Days
America's Heart and Soul,2004-07-02,Documentary,PG,314000,426246,2004,7,July,3,2000,Summer,1.357471338,562,563,0.9706,0.9724,<$10M,America's Heart and Soul
King Arthur,2004-07-07,Adventure,PG-13,51877963,70423706,2004,7,July,3,2000,Summer,1.35748788,209,242,0.361,0.418,$50–100M,King Arthur
The Village,2004-07-30,Thriller/Suspense,PG-13,114197520,155021748,2004,7,July,3,2000,Summer,1.357487868,88,115,0.152,0.1986,$100–300M,The Village
The Princess Diaries 2: Royal Engagement,2004-08-11,Romantic Comedy,G,95149435,129164207,2004,8,August,3,2000,Summer,1.357487903,108,136,0.1865,0.2349,$50–100M,The Princess Diaries 2
Mr. 3000,2004-09-17,Comedy,PG-13,21800302,29593641,2004,9,September,3,2000,Fall,1.357487662,357,401,0.6166,0.6926,$10–50M,Mr. 3000
The Last Shot,2004-09-24,Comedy,R,463730,629502,2004,9,September,3,2000,Fall,1.357475255,561,561,0.9689,0.9689,<$10M,The Last Shot
Ladder 49,2004-10-01,Action,PG-13,74541707,101161045,2004,10,October,4,2000,Fall,1.357106633,148,177,0.2556,0.3057,$50–100M,Ladder 49
The Incredibles,2004-11-05,Adventure,PG,261441092,354488708,2004,11,November,4,2000,Fall,1.355902797,25,36,0.0432,0.0622,$100–300M,The Incredibles
National Treasure,2004-11-19,Adventure,PG,173005002,234069353,2004,11,November,4,2000,Fall,1.352962922,54,68,0.0933,0.1174,$100–300M,National Treasure
The Life Aquatic with Steve Zissou,2004-12-10,Comedy,R,24006726,32198655,2004,12,December,4,2000,Winter,1.341234744,339,385,0.5855,0.6649,$10–50M,The Life Aquatic with Steve Zissou
Aliens of the Deep,2005-01-28,Documentary,G,8968684,11740942,2005,1,January,1,2000,Winter,1.309104212,472,495,0.8152,0.8549,<$10M,Aliens of the Deep
Pooh's Heffalump Movie,2005-02-11,Adventure,G,18098433,23801835,2005,2,February,1,2000,Winter,1.315132365,394,431,0.6805,0.7444,$10–50M,Pooh's Heffalump Movie
The Pacifier,2005-03-04,Comedy,PG,113006880,148619029,2005,3,March,1,2000,Spring,1.315132574,90,120,0.1554,0.2073,$100–300M,The Pacifier
Ice Princess,2005-03-18,Comedy,G,24381334,32064685,2005,3,March,1,2000,Spring,1.315132511,335,386,0.5786,0.6667,$10–50M,Ice Princess
A Lot Like Love,2005-04-22,Comedy,PG-13,21835784,28716947,2005,4,April,2,2000,Spring,1.315132399,356,403,0.6149,0.696,$10–50M,A Lot Like Love
The Hitchhiker's Guide to the Galaxy,2005-04-29,Comedy,PG,51019112,67096891,2005,4,April,2,2000,Spring,1.315132474,213,255,0.3679,0.4404,$50–100M,The Hitchhiker's Guide to the Galaxy
Hauru no ugoku shiro,2005-06-10,Adventure,PG,4710455,6194870,2005,6,June,2,2000,Summer,1.315131978,519,534,0.8964,0.9223,<$10M,Hauru no ugoku shiro
Herbie: Fully Loaded,2005-06-22,Comedy,G,66010682,86812798,2005,6,June,2,2000,Summer,1.315132572,163,208,0.2815,0.3592,$50–100M,Herbie
Dark Water,2005-07-08,Thriller/Suspense,PG-13,25473093,33500491,2005,7,July,3,2000,Summer,1.315132442,327,379,0.5648,0.6546,$10–50M,Dark Water
Sky High,2005-07-29,Adventure,PG,63939454,84088854,2005,7,July,3,2000,Summer,1.3151325,171,214,0.2953,0.3696,$50–100M,Sky High
Valiant,2005-08-19,Adventure,G,19478106,25616292,2005,8,August,3,2000,Summer,1.31513259,379,418,0.6546,0.7219,$10–50M,Valiant
Flightplan,2005-09-23,Thriller/Suspense,PG-13,89706988,117960425,2005,9,September,3,2000,Fall,1.314952465,119,148,0.2055,0.2556,$50–100M,Flightplan
The Greatest Game Ever Played,2005-09-30,Drama,PG,15331289,20162672,2005,9,September,3,2000,Fall,1.315132211,416,449,0.7185,0.7755,$10–50M,The Greatest Game Ever Played
Shopgirl,2005-10-21,Drama,R,10284523,13519621,2005,10,October,4,2000,Fall,1.314559849,459,485,0.7927,0.8377,$10–50M,Shopgirl
Chicken Little,2005-11-04,Adventure,G,135386665,177954661,2005,11,November,4,2000,Fall,1.314417938,76,100,0.1313,0.1727,$100–300M,Chicken Little
"The Chronicles of Narnia: The Lion, t…",2005-12-09,Adventure,PG,291710957,381557539,2005,12,December,4,2000,Winter,1.307998654,22,27,0.038,0.0466,$100–300M,The Chronicles of Narnia
Casanova,2005-12-25,Drama,R,11304403,14574087,2005,12,December,4,2000,Winter,1.289239865,449,479,0.7755,0.8273,$10–50M,Casanova
Glory Road,2006-01-13,Drama,PG,42647449,54888236,2006,1,January,1,2000,Winter,1.287022724,247,292,0.4266,0.5043,$10–50M,Glory Road
Annapolis,2006-01-27,Drama,PG-13,17127992,22044113,2006,1,January,1,2000,Winter,1.287022612,402,438,0.6943,0.7565,$10–50M,Annapolis
Roving Mars,2006-01-27,Documentary,G,10407978,12948025,2006,1,January,1,2000,Winter,1.244048075,457,489,0.7893,0.8446,$10–50M,Roving Mars
Eight Below,2006-02-17,Adventure,PG,81612565,105037235,2006,2,February,1,2000,Winter,1.287022838,136,170,0.2349,0.2936,$50–100M,Eight Below
The Shaggy Dog,2006-03-10,Comedy,PG,61123569,78667428,2006,3,March,1,2000,Spring,1.287022818,177,224,0.3057,0.3869,$50–100M,The Shaggy Dog
Stay Alive,2006-03-24,Horror,PG-13,23086480,29712825,2006,3,March,1,2000,Spring,1.287022751,347,400,0.5993,0.6908,$10–50M,Stay Alive
The Wild,2006-04-14,Adventure,G,37384046,48114115,2006,4,April,2,2000,Spring,1.287022678,263,319,0.4542,0.5509,$10–50M,The Wild
Stick It,2006-04-28,Comedy,PG-13,26910736,34634731,2006,4,April,2,2000,Spring,1.287022808,318,371,0.5492,0.6408,$10–50M,Stick It
Goal! The Dream Begins,2006-05-12,Drama,PG,4283255,5512647,2006,5,May,2,2000,Spring,1.287022837,526,538,0.9085,0.9292,<$10M,Goal! The Dream Begins
Cars,2006-06-09,Comedy,G,244082982,314140384,2006,6,June,2,2000,Summer,1.287022886,29,43,0.0501,0.0743,$100–300M,Cars
Pirates of the Caribbean: Dead Man’…,2006-07-07,Adventure,PG-13,423315812,544817142,2006,7,July,3,2000,Summer,1.287022895,6,12,0.0104,0.0207,>$300M,Pirates of the Caribbean
Step Up,2006-08-11,Drama,PG-13,65328121,84078780,2006,8,August,3,2000,Summer,1.287022782,166,215,0.2867,0.3713,$50–100M,Step Up
Invincible,2006-08-25,Drama,PG,57806952,74398864,2006,8,August,3,2000,Summer,1.287022779,190,234,0.3282,0.4041,$50–100M,Invincible
The Guardian,2006-09-29,Action,PG-13,55011732,70801353,2006,9,September,3,2000,Fall,1.287022794,199,240,0.3437,0.4145,$50–100M,The Guardian
The Prestige,2006-10-20,Thriller/Suspense,PG-13,53089891,68289913,2006,10,October,4,2000,Fall,1.286307275,204,247,0.3523,0.4266,$50–100M,The Prestige
Tim Burton's The Nightmare Before Chr…,2006-10-20,Musical,PG,24732041,30737517,2006,10,October,4,2000,Fall,1.24282169,332,391,0.5734,0.6753,$10–50M,Tim Burton's The Nightmare Before Chr…
The Santa Clause 3: The Escape Clause,2006-11-03,Comedy,G,84500122,108694869,2006,11,November,4,2000,Fall,1.286327953,129,163,0.2228,0.2815,$50–100M,The Santa Clause 3
Déjà Vu,2006-11-22,Thriller/Suspense,PG-13,64038616,82267038,2006,11,November,4,2000,Fall,1.284647345,170,217,0.2936,0.3748,$50–100M,Déjà Vu
Apocalypto,2006-12-08,Adventure,R,50866635,64959548,2006,12,December,4,2000,Winter,1.277056129,214,259,0.3696,0.4473,$50–100M,Apocalypto
Primeval,2007-01-12,Adventure,R,10597734,12985302,2007,1,January,1,2000,Winter,1.225290425,455,488,0.7858,0.8428,$10–50M,Primeval
Bridge to Terabithia,2007-02-16,Drama,PG,82234139,100760721,2007,2,February,1,2000,Winter,1.225290642,135,178,0.2332,0.3074,$50–100M,Bridge to Terabithia
Wild Hogs,2007-03-02,Comedy,PG-13,168213584,206110533,2007,3,March,1,2000,Spring,1.225290658,58,78,0.1002,0.1347,$100–300M,Wild Hogs
Meet the Robinsons,2007-03-30,Adventure,G,97822171,119860589,2007,3,March,1,2000,Spring,1.225290625,105,144,0.1813,0.2487,$50–100M,Meet the Robinsons
The Lookout,2007-03-30,Drama,R,4600585,5637048,2007,3,March,1,2000,Spring,1.225289393,520,537,0.8981,0.9275,<$10M,The Lookout
The Hoax,2007-04-06,Drama,R,7164995,8779196,2007,4,April,2,2000,Spring,1.225289899,496,518,0.8566,0.8946,<$10M,The Hoax
The Invisible,2007-04-27,Thriller/Suspense,PG-13,20568319,25202168,2007,4,April,2,2000,Spring,1.225290603,370,421,0.639,0.7271,$10–50M,The Invisible
Pirates of the Caribbean: At World’…,2007-05-24,Adventure,PG-13,309420425,379129960,2007,5,May,2,2000,Spring,1.22529067,18,28,0.0311,0.0484,>$300M,Pirates of the Caribbean
Ratatouille,2007-06-29,Comedy,G,206445654,252955933,2007,6,June,2,2000,Summer,1.225290667,41,63,0.0708,0.1088,$100–300M,Ratatouille
Underdog,2007-08-03,Adventure,PG,43760605,53619462,2007,8,August,3,2000,Summer,1.225290692,242,299,0.418,0.5164,$10–50M,Underdog
The Game Plan,2007-09-22,Comedy,PG,90648202,111010758,2007,9,September,3,2000,Fall,1.224632762,116,156,0.2003,0.2694,$50–100M,The Game Plan
Dan in Real Life,2007-10-20,Romantic Comedy,PG-13,47642963,58350234,2007,10,October,4,2000,Fall,1.224739821,229,279,0.3955,0.4819,$10–50M,Dan in Real Life
Enchanted,2007-11-21,Romantic Comedy,PG,127706877,156074310,2007,11,November,4,2000,Fall,1.222129252,81,114,0.1399,0.1969,$100–300M,Enchanted
National Treasure 2: Book of Secrets,2007-12-21,Adventure,PG,219961501,267003525,2007,12,December,4,2000,Winter,1.213864807,38,55,0.0656,0.095,$100–300M,National Treasure 2
Hannah Montana/Miley Cyrus: Best of B…,2008-02-01,Concert/Performance,G,65281781,76646993,2008,2,February,1,2000,Winter,1.174094699,167,230,0.2884,0.3972,$50–100M,Hannah Montana/Miley Cyrus
Step Up 2 the Streets,2008-02-14,Drama,PG-13,58017783,68118371,2008,2,February,1,2000,Winter,1.174094691,189,249,0.3264,0.4301,$50–100M,Step Up 2 the Streets
College Road Trip,2008-03-07,Comedy,G,45610425,53550960,2008,3,March,1,2000,Spring,1.174094738,232,300,0.4007,0.5181,$10–50M,College Road Trip
The Chronicles of Narnia: Prince Caspian,2008-05-16,Adventure,PG,141621490,166277038,2008,5,May,2,2000,Spring,1.17409468,68,103,0.1174,0.1779,$100–300M,The Chronicles of Narnia
WALL-E,2008-06-27,Adventure,G,223808164,262771918,2008,6,June,2,2000,Summer,1.174094427,36,56,0.0622,0.0967,$100–300M,WALL-E
Swing Vote,2008-08-01,Comedy,PG-13,16289867,19125841,2008,8,August,3,2000,Summer,1.174094362,409,455,0.7064,0.7858,$10–50M,Swing Vote
Goal! 2: Living the Dream...,2008-08-29,Drama,PG-13,225067,264247,2008,8,August,3,2000,Summer,1.174081496,567,568,0.9793,0.981,<$10M,Goal! 2
Miracle at St. Anna,2008-09-26,Drama,R,7916887,9295171,2008,9,September,3,2000,Fall,1.174094186,485,512,0.8377,0.8843,<$10M,Miracle at St. Anna
Beverly Hills Chihuahua,2008-10-03,Comedy,PG,94514402,110932022,2008,10,October,4,2000,Fall,1.173704956,110,157,0.19,0.2712,$50–100M,Beverly Hills Chihuahua
Morning Light,2008-10-17,Documentary,PG,275093,322979,2008,10,October,4,2000,Fall,1.174072041,564,566,0.9741,0.9775,<$10M,Morning Light
High School Musical 3: Senior Year,2008-10-24,Musical,G,90559416,106308538,2008,10,October,4,2000,Fall,1.173909271,117,165,0.2021,0.285,$50–100M,High School Musical 3
Bolt,2008-11-21,Comedy,PG,114053759,133702498,2008,11,November,4,2000,Fall,1.172276119,89,131,0.1537,0.2263,$100–300M,Bolt
Bedtime Stories,2008-12-25,Comedy,PG,110101975,128039679,2008,12,December,4,2000,Winter,1.162919003,94,137,0.1623,0.2366,$100–300M,Bedtime Stories
Confessions of a Shopaholic,2009-02-13,Romantic Comedy,PG,44277350,49767744,2009,2,February,1,2000,Winter,1.124000059,240,314,0.4145,0.5423,$10–50M,Confessions of a Shopaholic
Jonas Brothers: The 3D Concert Experi…,2009-02-27,Concert/Performance,G,38174685,38174685,2009,2,February,1,2000,Winter,1,259,358,0.4473,0.6183,$10–50M,Jonas Brothers
Race to Witch Mountain,2009-03-13,Adventure,PG,67172594,75501997,2009,3,March,1,2000,Spring,1.12400002,159,232,0.2746,0.4007,$50–100M,Race to Witch Mountain
Hannah Montana the Movie,2009-04-10,Drama,G,79576189,89443640,2009,4,April,2,2000,Spring,1.124000045,140,202,0.2418,0.3489,$50–100M,Hannah Montana the Movie
Earth,2009-04-22,Documentary,G,32011576,35981010,2009,4,April,2,2000,Spring,1.123999956,283,367,0.4888,0.6339,$10–50M,Earth
Up,2009-05-29,Adventure,PG,293004164,329336681,2009,5,May,2,2000,Spring,1.124000002,21,41,0.0363,0.0708,$100–300M,Up
The Proposal,2009-06-19,Romantic Comedy,PG-13,163958031,184288829,2009,6,June,2,2000,Summer,1.124000013,60,92,0.1036,0.1589,$100–300M,The Proposal
G-Force,2009-07-24,Adventure,PG,119436770,134246932,2009,7,July,3,2000,Summer,1.124000021,86,130,0.1485,0.2245,$100–300M,G-Force
Gake no ue no Ponyo,2009-08-14,Adventure,G,15090399,16961607,2009,8,August,3,2000,Summer,1.123999902,418,463,0.7219,0.7997,$10–50M,Gake no ue no Ponyo
X Games 3D: The Movie,2009-08-21,Documentary,PG,1391434,1563976,2009,8,August,3,2000,Summer,1.124003007,550,555,0.9499,0.9585,<$10M,X Games 3D
Walt and El Grupo,2009-09-10,Documentary,PG,20521,23064,2009,9,September,3,2000,Fall,1.123921836,574,574,0.9914,0.9914,<$10M,Walt and El Grupo
Surrogates,2009-09-25,Action,PG-13,38577772,43361416,2009,9,September,3,2000,Fall,1.124000007,257,338,0.4439,0.5838,$10–50M,Surrogates
Toy Story 3D Double Feature,2009-10-02,Adventure,G,30702446,34509545,2009,10,October,4,2000,Fall,1.12399986,290,372,0.5009,0.6425,$10–50M,Toy Story 3D Double Feature
Disney's A Christmas Carol,2009-11-06,Drama,PG,137855863,154927105,2009,11,November,4,2000,Fall,1.123833993,72,116,0.1244,0.2003,$100–300M,Disney's A Christmas Carol
The Princess and the Frog,2009-11-25,Adventure,G,104400899,116316457,2009,11,November,4,2000,Fall,1.114132715,98,152,0.1693,0.2625,$100–300M,The Princess and the Frog
Old Dogs,2009-11-25,Comedy,PG,49492060,55503929,2009,11,November,4,2000,Fall,1.121471383,223,286,0.3851,0.494,$10–50M,Old Dogs
When in Rome,2010-01-29,Romantic Comedy,PG-13,32680633,34917330,2010,1,January,1,2010,Winter,1.068441055,281,370,0.4853,0.639,$10–50M,When in Rome
Alice in Wonderland,2010-03-05,Adventure,PG,334191110,357063499,2010,3,March,1,2010,Spring,1.068441046,16,33,0.0276,0.057,>$300M,Alice in Wonderland
Waking Sleeping Beauty,2010-03-26,Documentary,PG,80741,86264,2010,3,March,1,2010,Spring,1.068403909,569,570,0.9827,0.9845,<$10M,Waking Sleeping Beauty
The Last Song,2010-03-31,Drama,PG,62950384,67258772,2010,3,March,1,2010,Spring,1.068441012,174,253,0.3005,0.437,$50–100M,The Last Song
Oceans,2010-04-22,Documentary,G,19422319,20751600,2010,4,April,2,2010,Spring,1.0684409,380,444,0.6563,0.7668,$10–50M,Oceans
Prince of Persia: Sands of Time,2010-05-28,Action,PG-13,90759676,96971361,2010,5,May,2,2010,Spring,1.068441022,115,182,0.1986,0.3143,$50–100M,Prince of Persia
Toy Story 3,2010-06-18,Adventure,G,415004880,443408255,2010,6,June,2,2010,Summer,1.068441063,8,19,0.0138,0.0328,>$300M,Toy Story 3
The Sorcerer's Apprentice,2010-07-14,Adventure,PG,63150991,67473105,2010,7,July,3,2010,Summer,1.068440953,173,252,0.2988,0.4352,$50–100M,The Sorcerer's Apprentice
Step Up 3D,2010-08-06,Drama,PG-13,42400223,45302137,2010,8,August,3,2010,Summer,1.068441008,248,329,0.4283,0.5682,$10–50M,Step Up 3D
Gedo Senki (Tales from Earthsea),2010-08-13,Adventure,PG-13,48658,51988,2010,8,August,3,2010,Summer,1.068436845,571,573,0.9862,0.9896,<$10M,Gedo Senki (Tales from Earthsea)
You Again,2010-09-24,Comedy,PG,25702053,27461121,2010,9,September,3,2010,Fall,1.068440758,325,411,0.5613,0.7098,$10–50M,You Again
Secretariat,2010-10-08,Drama,PG,59699513,63781920,2010,10,October,4,2010,Fall,1.068382585,183,260,0.3161,0.4491,$50–100M,Secretariat
Tangled,2010-11-24,Adventure,PG,200821936,214388548,2010,11,November,4,2010,Fall,1.067555429,45,74,0.0777,0.1278,$100–300M,Tangled
Tron: Legacy,2010-12-17,Adventure,PG,172062763,183619259,2010,12,December,4,2010,Winter,1.067164422,55,93,0.095,0.1606,$100–300M,Tron
Gnomeo and Juliet,2011-02-11,Comedy,G,99967670,106270797,2011,2,February,1,2010,Winter,1.063051655,103,167,0.1779,0.2884,$50–100M,Gnomeo and Juliet
I am Number Four,2011-02-18,Adventure,PG-13,55100437,58574607,2011,2,February,1,2010,Winter,1.063051587,198,278,0.342,0.4801,$50–100M,I am Number Four
Mars Needs Moms,2011-03-11,Adventure,PG,21392758,22741603,2011,3,March,1,2010,Spring,1.063051478,363,434,0.6269,0.7496,$10–50M,Mars Needs Moms
African Cats,2011-04-22,Documentary,G,15428747,16401551,2011,4,April,2,2010,Spring,1.063051394,414,467,0.715,0.8066,$10–50M,African Cats
Zokkomon,2011-04-22,Adventure,PG,2815,2984,2011,4,April,2,2010,Spring,1.060035524,575,575,0.9931,0.9931,<$10M,Zokkomon
Prom,2011-04-29,Comedy,PG,10130219,10768946,2011,4,April,2,2010,Spring,1.063051648,463,503,0.7997,0.8687,$10–50M,Prom
Pirates of the Caribbean: On Stranger…,2011-05-20,Adventure,PG-13,241063875,256263359,2011,5,May,2,2010,Spring,1.063051687,31,59,0.0535,0.1019,$100–300M,Pirates of the Caribbean
Cars 2,2011-06-24,Adventure,G,191450875,203522177,2011,6,June,2,2010,Summer,1.063051694,48,79,0.0829,0.1364,$100–300M,Cars 2
Winnie the Pooh,2011-07-15,Adventure,G,26692846,28375869,2011,7,July,3,2010,Summer,1.063051463,319,405,0.5509,0.6995,$10–50M,Winnie the Pooh
The Help,2011-08-10,Drama,PG-13,169705587,180404976,2011,8,August,3,2010,Summer,1.063046769,57,96,0.0984,0.1658,$100–300M,The Help
Fright Night,2011-08-19,Horror,R,18298649,19452402,2011,8,August,3,2010,Summer,1.063051267,392,453,0.677,0.7824,$10–50M,Fright Night
Real Steel,2011-10-07,Action,PG-13,85463309,90848019,2011,10,October,4,2010,Fall,1.063006102,125,201,0.2159,0.3472,$50–100M,Real Steel
The Muppets,2011-11-23,Comedy,PG,88625922,94189503,2011,11,November,4,2010,Fall,1.062776001,123,190,0.2124,0.3282,$50–100M,The Muppets
War Horse,2011-12-25,Drama,PG-13,79883359,84762149,2011,12,December,4,2010,Winter,1.061073922,139,212,0.2401,0.3661,$50–100M,War Horse
The Secret World of Arietty,2012-02-17,Adventure,G,19192510,20325733,2012,2,February,1,2010,Winter,1.059045065,384,448,0.6632,0.7737,$10–50M,The Secret World of Arietty
John Carter,2012-03-09,Adventure,PG-13,73058679,77372445,2012,3,March,1,2010,Spring,1.059045223,150,226,0.2591,0.3903,$50–100M,John Carter
Chimpanzee,2012-04-20,Documentary,G,28965459,30675725,2012,4,April,2,2010,Spring,1.059045016,301,393,0.5199,0.6788,$10–50M,Chimpanzee
The Avengers,2012-05-04,Action,PG-13,623279547,660081224,2012,5,May,2,2010,Spring,1.059045218,2,11,0.0035,0.019,>$300M,The Avengers
Brave,2012-06-22,Adventure,PG,237282182,251292441,2012,6,June,2,2010,Summer,1.059044716,32,64,0.0553,0.1105,$100–300M,Brave
People Like Us,2012-06-29,Drama,PG-13,12431792,13165822,2012,6,June,2,2010,Summer,1.059044585,439,487,0.7582,0.8411,$10–50M,People Like Us
The Odd Life of Timothy Green,2012-08-15,Drama,PG,51853450,54914942,2012,8,August,3,2010,Summer,1.05904124,210,291,0.3627,0.5026,$50–100M,The Odd Life of Timothy Green
Frankenweenie,2012-10-05,Comedy,PG,35287788,37363513,2012,10,October,4,2010,Fall,1.058822758,271,360,0.468,0.6218,$10–50M,Frankenweenie
Wreck-It Ralph,2012-11-02,Adventure,PG,189412677,200354959,2012,11,November,4,2010,Fall,1.057769534,49,83,0.0846,0.1434,$100–300M,Wreck-It Ralph
Lincoln,2012-11-09,Drama,PG-13,182207973,192122330,2012,11,November,4,2010,Fall,1.054412312,51,87,0.0881,0.1503,$100–300M,Lincoln
Oz the Great and Powerful,2013-03-08,Adventure,PG,234770996,243434130,2013,3,March,1,2010,Spring,1.036900359,33,67,0.057,0.1157,$100–300M,Oz the Great and Powerful
Iron Man 3,2013-05-03,Action,PG-13,408992272,424084233,2013,5,May,2,2010,Spring,1.036900357,9,22,0.0155,0.038,>$300M,Iron Man 3
Monsters University,2013-06-21,Adventure,G,268488329,278395641,2013,6,June,2,2010,Summer,1.036900345,24,51,0.0415,0.0881,$100–300M,Monsters University
The Lone Ranger,2013-07-02,Western,PG-13,89302115,92597388,2013,7,July,3,2010,Summer,1.036900279,121,195,0.209,0.3368,$50–100M,The Lone Ranger
Disney Planes,2013-08-09,Comedy,PG,90282580,93614037,2013,8,August,3,2010,Summer,1.03690033,118,192,0.2038,0.3316,$50–100M,Disney Planes
The Fifth Estate,2013-10-18,Drama,R,3254172,3374251,2013,10,October,4,2010,Fall,1.036900016,537,546,0.9275,0.943,<$10M,The Fifth Estate
Thor: The Dark World,2013-11-08,Adventure,PG-13,206362140,213962184,2013,11,November,4,2010,Fall,1.036828674,42,75,0.0725,0.1295,$100–300M,Thor
Kaze Tachinu,2013-11-08,Drama,PG-13,5201879,5367415,2013,11,November,4,2010,Fall,1.031822347,511,540,0.8826,0.9326,<$10M,Kaze Tachinu
Frozen,2013-11-22,Adventure,PG,400738009,414997174,2013,11,November,4,2010,Fall,1.035582262,11,24,0.019,0.0415,>$300M,Frozen
Delivery Man,2013-11-22,Comedy,PG-13,30659817,31787136,2013,11,November,4,2010,Fall,1.036768615,291,388,0.5026,0.6701,$10–50M,Delivery Man
Saving Mr. Banks,2013-12-13,Drama,PG-13,83299761,86249969,2013,12,December,4,2010,Winter,1.035416764,133,209,0.2297,0.361,$50–100M,Saving Mr. Banks
Need for Speed,2014-03-14,Action,PG-13,43568507,44955015,2014,3,March,1,2010,Spring,1.031823629,244,331,0.4214,0.5717,$10–50M,Need for Speed
Muppets Most Wanted,2014-03-21,Comedy,PG,51178893,52807594,2014,3,March,1,2010,Spring,1.031823686,211,302,0.3644,0.5216,$50–100M,Muppets Most Wanted
Captain America: The Winter Soldier,2014-04-04,Action,PG-13,259746958,268013076,2014,4,April,2,2010,Spring,1.031823734,26,54,0.0449,0.0933,$100–300M,Captain America
Bears,2014-04-18,Documentary,G,17780194,18346024,2014,4,April,2,2010,Spring,1.031823612,397,457,0.6857,0.7893,$10–50M,Bears
Million Dollar Arm,2014-05-10,Drama,PG,36447959,37607865,2014,5,May,2,2010,Spring,1.03182362,267,359,0.4611,0.62,$10–50M,Million Dollar Arm
Maleficent,2014-05-30,Adventure,PG,241407328,249089809,2014,5,May,2,2010,Spring,1.031823727,30,65,0.0518,0.1123,$100–300M,Maleficent
Planes: Fire and Rescue,2014-07-18,Adventure,PG,59157732,61040349,2014,7,July,3,2010,Summer,1.031823685,184,267,0.3178,0.4611,$50–100M,Planes
Guardians of the Galaxy,2014-08-01,Adventure,PG-13,333172112,343771168,2014,8,August,3,2010,Summer,1.031812555,17,38,0.0294,0.0656,>$300M,Guardians of the Galaxy
The Hundred-Foot Journey,2014-08-08,Romantic Comedy,PG,54235441,55961409,2014,8,August,3,2010,Summer,1.031823619,200,284,0.3454,0.4905,$50–100M,The Hundred-Foot Journey
"Alexander and the Terrible, Horrible,…",2014-10-10,Comedy,PG,66954149,69055550,2014,10,October,4,2010,Fall,1.031385673,160,245,0.2763,0.4231,$50–100M,"Alexander and the Terrible, Horrible,…"
Big Hero 6,2014-11-07,Adventure,PG,222527828,229249222,2014,11,November,4,2010,Fall,1.030204735,37,70,0.0639,0.1209,$100–300M,Big Hero 6
Into the Woods,2014-12-25,Musical,PG,128002372,130894237,2014,12,December,4,2010,Winter,1.022592277,80,135,0.1382,0.2332,$100–300M,Into the Woods
Strange Magic,2015-01-23,Adventure,PG,12429583,12429583,2015,1,January,1,2010,Winter,1,440,492,0.7599,0.8497,$10–50M,Strange Magic
"McFarland, USA",2015-02-20,Drama,PG,44480275,44480275,2015,2,February,1,2010,Winter,1,237,332,0.4093,0.5734,$10–50M,"McFarland, USA"
Cinderella,2015-03-13,Drama,PG,201151353,201151353,2015,3,March,1,2010,Spring,1,44,82,0.076,0.1416,$100–300M,Cinderella
Monkey Kingdom,2015-04-17,Documentary,G,16432322,16432322,2015,4,April,2,2010,Spring,1,408,466,0.7047,0.8048,$10–50M,Monkey Kingdom
Avengers: Age of Ultron,2015-05-01,Action,PG-13,459005868,459005868,2015,5,May,2,2010,Spring,1,5,18,0.0086,0.0311,>$300M,Avengers
Tomorrowland,2015-05-22,Adventure,PG,93436322,93436322,2015,5,May,2,2010,Spring,1,112,193,0.1934,0.3333,$50–100M,Tomorrowland
Inside Out,2015-06-19,Adventure,PG,356461711,356461711,2015,6,June,2,2010,Summer,1,14,34,0.0242,0.0587,>$300M,Inside Out
Ant-Man,2015-07-17,Action,PG-13,180202163,180202163,2015,7,July,3,2010,Summer,1,52,97,0.0898,0.1675,$100–300M,Ant-Man
Bridge of Spies,2015-10-16,Thriller/Suspense,PG-13,72313754,72313754,2015,10,October,4,2010,Fall,1,151,238,0.2608,0.4111,$50–100M,Bridge of Spies
The Good Dinosaur,2015-11-25,Adventure,PG,123087120,123087120,2015,11,November,4,2010,Fall,1,84,141,0.1451,0.2435,$100–300M,The Good Dinosaur
Star Wars Ep. VII: The Force Awakens,2015-12-18,Adventure,PG-13,936662225,936662225,2015,12,December,4,2010,Winter,1,1,7,0.0017,0.0121,>$300M,Star Wars Ep. VII
The Finest Hours,2016-01-29,Thriller/Suspense,PG,27569558,27569558,2016,1,January,1,2010,Winter,1,313,410,0.5406,0.7081,$10–50M,The Finest Hours
Zootopia,2016-03-04,Adventure,PG,341268248,341268248,2016,3,March,1,2010,Spring,1,15,39,0.0259,0.0674,>$300M,Zootopia
The Jungle Book,2016-04-15,Adventure,PG,364001123,364001123,2016,4,April,2,2010,Spring,1,13,30,0.0225,0.0518,>$300M,The Jungle Book
A Beautiful Planet,2016-04-29,Documentary,G,7895708,7895708,2016,4,April,2,2010,Spring,1,486,520,0.8394,0.8981,<$10M,A Beautiful Planet
Captain America: Civil War,2016-05-06,Action,PG-13,408084349,408084349,2016,5,May,2,2010,Spring,1,10,25,0.0173,0.0432,>$300M,Captain America
Alice Through the Looking Glass,2016-05-27,Adventure,PG,77042381,77042381,2016,5,May,2,2010,Spring,1,142,228,0.2453,0.3938,$50–100M,Alice Through the Looking Glass
Finding Dory,2016-06-17,Adventure,PG,486295561,486295561,2016,6,June,2,2010,Summer,1,4,16,0.0069,0.0276,>$300M,Finding Dory
The BFG,2016-07-01,Adventure,PG,55483770,55483770,2016,7,July,3,2010,Summer,1,197,287,0.3402,0.4957,$50–100M,The BFG
Pete’s Dragon,2016-08-12,Adventure,PG,76233151,76233151,2016,8,August,3,2010,Summer,1,144,231,0.2487,0.399,$50–100M,Pete’s Dragon
The Light Between Oceans,2016-09-02,Drama,PG-13,12545979,12545979,2016,9,September,3,2010,Fall,1,437,491,0.7547,0.848,$10–50M,The Light Between Oceans
Queen of Katwe,2016-09-23,Drama,PG,8874389,8874389,2016,9,September,3,2010,Fall,1,474,516,0.8187,0.8912,<$10M,Queen of Katwe
Doctor Strange,2016-11-04,Adventure,PG-13,232532923,232532923,2016,11,November,4,2010,Fall,1,34,69,0.0587,0.1192,$100–300M,Doctor Strange
Moana,2016-11-23,Adventure,PG,246082029,246082029,2016,11,November,4,2010,Fall,1,27,66,0.0466,0.114,$100–300M,Moana
Rogue One: A Star Wars Story,2016-12-16,Adventure,PG-13,529483936,529483936,2016,12,December,4,2010,Winter,1,3,13,0.0052,0.0225,>$300M,Rogue One